Call Sign,Hyperlink,Freq,FM,City
WBHM,https://en.wikipedia.org/wiki/WBHM,90.3,FM,Birmingham
WRWA,https://en.wikipedia.org/wiki/WRWA,88.7,FM,Dothan
WJAB,https://en.wikipedia.org/wiki/WJAB,90.9,FM,Huntsville
WLRH,https://en.wikipedia.org/wiki/WLRH,89.3,FM,Huntsville
WLJS-FM,https://en.wikipedia.org/wiki/WLJS-FM,91.9,FM,Jacksonville
WHIL,https://en.wikipedia.org/wiki/WHIL_(FM),91.3,FM,Mobile
WVAS,https://en.wikipedia.org/wiki/WVAS,90.7,FM,Montgomery
WTSU,https://en.wikipedia.org/wiki/WTSU,89.9,FM,Montgomery–Troy
WQPR,https://en.wikipedia.org/wiki/WQPR,88.7,FM,Muscle Shoals
WAPR,https://en.wikipedia.org/wiki/WAPR,88.3,FM,Selma
WUAL-FM,https://en.wikipedia.org/wiki/WUAL-FM,91.5,FM,Tuscaloosa
KKET,https://en.wikipedia.org/wiki/KKET,95.9,FM,Allakaket
KSKA,https://en.wikipedia.org/wiki/KSKA,91.1,FM,Anchorage
KNBA,https://en.wikipedia.org/wiki/KNBA,90.3,FM,Anchorage
KMGS,https://en.wikipedia.org/wiki/KMGS,89.5,FM,Anvik
KBRW,https://en.wikipedia.org/wiki/KBRW_(AM),680,AM,Barrow
KBRW-FM,https://en.wikipedia.org/wiki/KBRW-FM,91.9,FM,Barrow
KYUK,https://en.wikipedia.org/wiki/KYUK_(AM),640,AM,Bethel
KBUQ,https://en.wikipedia.org/wiki/KBUQ,91.9,FM,Buckland
KCUK,https://en.wikipedia.org/wiki/KCUK,88.1,FM,Chevak
KDRG,https://en.wikipedia.org/wiki/KDRG,91.9,FM,Deering
KDLG,https://en.wikipedia.org/wiki/KDLG,670,AM,Dillingham
KDLG-FM,https://en.wikipedia.org/wiki/KDLG-FM,89.9,FM,Dillingham
KUAC,https://en.wikipedia.org/wiki/KUAC_(FM),89.9,FM,Fairbanks
KZPA,https://en.wikipedia.org/wiki/KZPA,900,AM,Fort Yukon
KIYU-FM,https://en.wikipedia.org/wiki/KIYU-FM,88.1,FM,Galena
KXGA,https://en.wikipedia.org/wiki/KXGA,90.5,FM,Glennallen
KGYA,https://en.wikipedia.org/wiki/KGYA,90.5,FM,Grayling
KHNS,https://en.wikipedia.org/wiki/KHNS,102.3,FM,Haines
KLOP,https://en.wikipedia.org/wiki/KLOP,91.5,FM,Holy Cross
KBBI,https://en.wikipedia.org/wiki/KBBI,890,AM,Homer
KHUU,https://en.wikipedia.org/wiki/KHUU,97.1,FM,Hughes
KIGG,https://en.wikipedia.org/wiki/KIGG,103.3,FM,Igiugig
KRNN,https://en.wikipedia.org/wiki/KRNN,102.7,FM,Juneau
KTOO,https://en.wikipedia.org/wiki/KTOO_(FM),104.3,FM,Juneau
KXLL,https://en.wikipedia.org/wiki/KXLL,100.7,FM,Juneau
KDLL,https://en.wikipedia.org/wiki/KDLL,91.9,FM,Kenai
KRBD,https://en.wikipedia.org/wiki/KRBD,105.9,FM,Ketchikan
KIAN,https://en.wikipedia.org/wiki/KIAN,91.9,FM,Kiana
KQVK,https://en.wikipedia.org/wiki/KQVK,91.9,FM,Kivalina
KMXT,https://en.wikipedia.org/wiki/KMXT_(FM),100.1,FM,Kodiak
KODK,https://en.wikipedia.org/w/index.php?title=KODK&action=edit&redlink=1,90.7,FM,Kodiak
KOTZ,https://en.wikipedia.org/wiki/KOTZ,720,AM,Kotzebue
KXKM,https://en.wikipedia.org/wiki/KXKM,89.7,FM,McCarthy
KSKO-FM,https://en.wikipedia.org/wiki/KSKO-FM,89.5,FM,McGrath
KNIB,https://en.wikipedia.org/wiki/KNIB,89.5,FM,Nikolai
KUUK,https://en.wikipedia.org/wiki/KUUK,91.9,FM,Noatak
KORI,https://en.wikipedia.org/wiki/KOTZ,91.9,FM,Noorvik
KFSK,https://en.wikipedia.org/wiki/KFSK,100.9,FM,Petersburg
KZNR,https://en.wikipedia.org/wiki/KZNR,91.1,FM,Red Dog Mine
KZNC,https://en.wikipedia.org/wiki/KZNC_(FM),91.9,FM,Red Dog Mine Port
KSYU,https://en.wikipedia.org/wiki/KSYU,98.1,FM,Saint Marys
KSDP,https://en.wikipedia.org/wiki/KSDP_(AM),830,AM,Sand Point
KIEA,https://en.wikipedia.org/wiki/KIEA,91.9,FM,Selawik
KNKO,https://en.wikipedia.org/wiki/KNKO,88.5,FM,Shageluk
KCAW,https://en.wikipedia.org/wiki/KCAW,104.7,FM,Sitka
KUHB-FM,https://en.wikipedia.org/wiki/KUHB-FM,91.9,FM,St. Paul
KTNA,https://en.wikipedia.org/wiki/KTNA,88.5,FM,Talkeetna
KTYU,https://en.wikipedia.org/wiki/KTYU,99.1,FM,Tanana
KTOG,https://en.wikipedia.org/wiki/KTOG,91.9,FM,Togiak
KNSA,https://en.wikipedia.org/wiki/KNSA_(AM),930,AM,Unalakleet
KUCB,https://en.wikipedia.org/wiki/KUCB_(FM),89.7,FM,Unalaska
KCHU,https://en.wikipedia.org/wiki/KCHU,770,AM,Valdez
KSTK,https://en.wikipedia.org/wiki/KSTK,101.7,FM,Wrangell
KPUB,https://en.wikipedia.org/wiki/KPUB,91.7,FM,Flagstaff
KNAU,https://en.wikipedia.org/wiki/KNAU,88.7,FM,Flagstaff
KNAG,https://en.wikipedia.org/wiki/KNAG,90.3,FM,Grand Canyon
KUYI,https://en.wikipedia.org/wiki/KUYI,88.1,FM,Hotevilla
KNAD,https://en.wikipedia.org/wiki/KNAD,91.7,FM,Page
KAWP,https://en.wikipedia.org/wiki/KAWP,88.9,FM,Parker
KBAQ,https://en.wikipedia.org/wiki/KBAQ,89.5,FM,Phoenix
KJZZ,https://en.wikipedia.org/wiki/KJZZ_(FM),91.5,FM,Phoenix
KNAQ,https://en.wikipedia.org/wiki/KNAQ,89.3,FM,Prescott
KNAA,https://en.wikipedia.org/wiki/KNAA,90.7,FM,Show Low
KUAS-FM,https://en.wikipedia.org/wiki/KUAS-FM,88.9,FM,Sierra Vista
KUAT-FM,https://en.wikipedia.org/wiki/KUAT-FM,90.5,FM,Tucson
KUAZ,https://en.wikipedia.org/wiki/KUAZ,1550,AM,Tucson
KUAZ-FM,https://en.wikipedia.org/wiki/KUAZ-FM,89.1,FM,Tucson
KNNB,https://en.wikipedia.org/wiki/KNNB,88.1,FM,White River
KAWC-FM,https://en.wikipedia.org/wiki/KAWC-FM,88.9,FM,Yuma
KOFA,https://en.wikipedia.org/wiki/KOFA_(AM),1320,AM,Yuma
KBSA,https://en.wikipedia.org/wiki/KBSA_(FM),90.9,FM,El Dorado
KUAF,https://en.wikipedia.org/wiki/KUAF,91.3,FM,Fayetteville
KASU,https://en.wikipedia.org/wiki/KASU,91.9,FM,Jonesboro
KLRE-FM,https://en.wikipedia.org/wiki/KLRE-FM,90.5,FM,Little Rock
KUAR,https://en.wikipedia.org/wiki/KUAR,89.1,FM,Little Rock
KHSU,https://en.wikipedia.org/wiki/KHSU,90.5,FM,Arcata
KPRX,https://en.wikipedia.org/wiki/KPRX,89.1,FM,Bakersfield
KNHM,https://en.wikipedia.org/wiki/KNHM,91.5,FM,Bayside
KNCA,https://en.wikipedia.org/wiki/KNCA,89.7,FM,Burney
KQVO,https://en.wikipedia.org/wiki/KQVO,97.7,FM,Calexico
KCHO,https://en.wikipedia.org/wiki/KCHO_(FM),91.7,FM,Chico
KVLA-FM,https://en.wikipedia.org/wiki/KVLA-FM,90.3,FM,Coachella
KHEC,https://en.wikipedia.org/wiki/KHEC,91.1,FM,Crescent City
KHSR,https://en.wikipedia.org/wiki/KHSR,91.9,FM,Crescent City
KHSF,https://en.wikipedia.org/wiki/KHSF,90.1,FM,Ferndale
KVPR,https://en.wikipedia.org/wiki/KVPR,89.3,FM,Fresno
KHSG,https://en.wikipedia.org/wiki/KHSG,89.9,FM,Garberville
KXSR,https://en.wikipedia.org/wiki/KXSR,91.7,FM,Groveland
KCRI,https://en.wikipedia.org/wiki/KCRI,89.3,FM,Indio
KUSC,https://en.wikipedia.org/wiki/KUSC,91.5,FM,Los Angeles
KERW,https://en.wikipedia.org/wiki/KERW,101.3,FM,Los Osos–Baywood Park
KLDD,https://en.wikipedia.org/wiki/KLDD,91.9,FM,McCloud
KPMO,https://en.wikipedia.org/wiki/KPMO,1300,AM,Mendocino
KCRY,https://en.wikipedia.org/wiki/KCRY,88.1,FM,Mojave
KESC,https://en.wikipedia.org/wiki/KESC,99.7,FM,Morro Bay
KMJC,https://en.wikipedia.org/wiki/KMJC,620,AM,Mount Shasta
KNSQ,https://en.wikipedia.org/wiki/KNSQ,88.1,FM,Mount Shasta
KQEI-FM,https://en.wikipedia.org/wiki/KQEI-FM,89.3,FM,North Highlands
KCSN,https://en.wikipedia.org/wiki/KCSN,88.5,FM,Northridge
KJAI,https://en.wikipedia.org/wiki/KPCC_(radio_station),89.5,FM,Ojai
KCRU,https://en.wikipedia.org/wiki/KCRU,89.1,FM,Oxnard
KPSC,https://en.wikipedia.org/wiki/KPSC_(FM),88.5,FM,Palm Springs
KWCA,https://en.wikipedia.org/wiki/KWCA_(FM),101.1,FM,Palo Cedro
KPCC,https://en.wikipedia.org/wiki/KPCC_(radio_station),89.3,FM,Pasadena
KZYX,https://en.wikipedia.org/wiki/KZYX,90.7,FM,Philo
KQNC,https://en.wikipedia.org/wiki/KQNC,88.1,FM,Quincy
KFPR,https://en.wikipedia.org/wiki/KFPR_(FM),88.9,FM,Redding
KUOR-FM,https://en.wikipedia.org/wiki/KPCC_(radio_station),89.1,FM,Redlands
KNHT,https://en.wikipedia.org/wiki/KNHT,102.5,FM,Rio Dell
KRCB-FM,https://en.wikipedia.org/wiki/KRCB-FM,104.9,FM,Rohnert Park
KXJZ,https://en.wikipedia.org/wiki/KXJZ,90.9,FM,Sacramento
KXPR,https://en.wikipedia.org/wiki/KXPR,88.9,FM,Sacramento
KNBX,https://en.wikipedia.org/wiki/KNBX,91.7,FM,San Ardo
KVCR,https://en.wikipedia.org/wiki/KVCR_(FM),91.9,FM,San Bernardino
KPBS-FM,https://en.wikipedia.org/wiki/KPBS-FM,89.5,FM,San Diego
KSDS,https://en.wikipedia.org/wiki/KSDS,88.3,FM,San Diego
KALW,https://en.wikipedia.org/wiki/KALW,91.7,FM,San Francisco
KQED-FM,https://en.wikipedia.org/wiki/KQED-FM,88.5,FM,San Francisco
KDFC,https://en.wikipedia.org/wiki/KDFC,90.3,FM,San Francisco
KCBX,https://en.wikipedia.org/wiki/KCBX,90.1,FM,San Luis Obispo
KCSM,https://en.wikipedia.org/wiki/KCSM_(FM),91.1,FM,San Mateo
KDRW,https://en.wikipedia.org/wiki/KDRW,88.7,FM,Santa Barbara
KCLU,https://en.wikipedia.org/wiki/KCLU_(AM),1340,AM,Santa Barbara
KCLM,https://en.wikipedia.org/wiki/KCLM,89.7,FM,Santa Maria
KCRW,https://en.wikipedia.org/wiki/KCRW,89.9,FM,Santa Monica
KRCG-FM,https://en.wikipedia.org/wiki/KRCG-FM,91.1,FM,Santa Rosa
KAZU,https://en.wikipedia.org/wiki/KAZU,90.3,FM,Seaside
KJPR,https://en.wikipedia.org/wiki/KJPR,1330,AM,Shasta Lake City
KUOP,https://en.wikipedia.org/wiki/KUOP,91.3,FM,Stockton
KXJS,https://en.wikipedia.org/wiki/KXJS,88.7,FM,Sutter
KKTO,https://en.wikipedia.org/wiki/KKTO_(FM),90.5,FM,Tahoe City
KCLU-FM,https://en.wikipedia.org/wiki/KCLU-FM,88.3,FM,Thousand Oaks
KDSC,https://en.wikipedia.org/wiki/KDSC,91.1,FM,Thousand Oaks
KZYZ,https://en.wikipedia.org/wiki/KZYZ,91.5,FM,Willits
KNYR,https://en.wikipedia.org/wiki/KNYR,91.3,FM,Yreka
KSYC,https://en.wikipedia.org/wiki/KSYC_(AM),1490,AM,Yreka
KRZA,https://en.wikipedia.org/wiki/KRZA,88.7,FM,Alamosa
KAJX,https://en.wikipedia.org/wiki/KAJX,91.5,FM,Aspen
KCFC,https://en.wikipedia.org/wiki/KCFC,1490,AM,Boulder
KMPB,https://en.wikipedia.org/wiki/KMPB,90.7,FM,Breckenridge
KCJX,https://en.wikipedia.org/wiki/KCJX,88.9,FM,Carbondale
KDNK,https://en.wikipedia.org/wiki/KDNK,88.1,FM,Carbondale
KVOV,https://en.wikipedia.org/wiki/KVOV,90.5,FM,Carbondale
KEPC,https://en.wikipedia.org/wiki/KEPC,89.7,FM,Colorado Springs
KRCC,https://en.wikipedia.org/wiki/KRCC,91.5,FM,Colorado Springs
KSJD,https://en.wikipedia.org/wiki/KSJD,91.5,FM,Cortez
KPYR,https://en.wikipedia.org/wiki/KPYR,88.3,FM,Craig
KBUT,https://en.wikipedia.org/wiki/KBUT,90.3,FM,Crested Butte
KPRU,https://en.wikipedia.org/wiki/KPRU,103.3,FM,Delta
KCFR-FM,https://en.wikipedia.org/wiki/KCFR-FM,90.1,FM,Denver
KUVO,https://en.wikipedia.org/wiki/KUVO,89.3,FM,Denver
KDNG,https://en.wikipedia.org/wiki/KDNG,89.3,FM,Durango
KENC,https://en.wikipedia.org/wiki/KENC,90.7,FM,Estes Park
KVXO,https://en.wikipedia.org/wiki/KVXO,88.3,FM,Fort Collins
KPRN,https://en.wikipedia.org/wiki/KPRN,89.5,FM,Grand Junction
KUNC,https://en.wikipedia.org/wiki/KUNC,91.5,FM,Greeley
KVOQ,https://en.wikipedia.org/wiki/KVOQ_(FM),102.3,FM,Greenwood Village
KSUT,https://en.wikipedia.org/wiki/KSUT,91.3,FM,Ignacio
KUTE,https://en.wikipedia.org/wiki/KUTE,90.1,FM,Ignacio
KECC,https://en.wikipedia.org/wiki/KECC,89.1,FM,La Junta
KVOD,https://en.wikipedia.org/wiki/KVOD,88.1,FM,Lakewood
KCSE,https://en.wikipedia.org/wiki/KCSE_(FM),90.7,FM,Lamar
KCME,https://en.wikipedia.org/wiki/KCME,88.7,FM,Manitou Springs
KVNC,https://en.wikipedia.org/wiki/KVNC_(FM),90.9,FM,Minturn
KPRH,https://en.wikipedia.org/wiki/KPRH,88.3,FM,Montrose
KVMT,https://en.wikipedia.org/wiki/KVMT,89.1,FM,Montrose
KPGS,https://en.wikipedia.org/wiki/KPGS,88.1,FM,Pagosa Springs
KVNF,https://en.wikipedia.org/wiki/KVNF,90.9,FM,Paonia
KCFP,https://en.wikipedia.org/wiki/KCFP,91.9,FM,Pueblo
KICO,https://en.wikipedia.org/wiki/KICO,89.5,FM,Rico
KCCS,https://en.wikipedia.org/wiki/KCCS,91.7,FM,Starkville
KRNC,https://en.wikipedia.org/wiki/KRNC,88.5,FM,Steamboat Springs
KOTO,https://en.wikipedia.org/wiki/KOTO_(FM),91.7,FM,Telluride
KJAC,https://en.wikipedia.org/wiki/KJAC,105.5,FM,Timnath
KZET,https://en.wikipedia.org/wiki/KZET,90.5,FM,Towaoc
KPRE,https://en.wikipedia.org/wiki/KPRE,89.9,FM,Vail
KVQI,https://en.wikipedia.org/wiki/KVQI,88.5,FM,Vail
KWCC-FM,https://en.wikipedia.org/wiki/KWCC-FM,89.5,FM,Woodland Park
WSHU-FM,https://en.wikipedia.org/wiki/WSHU-FM,91.1,FM,Fairfield
WVOF,https://en.wikipedia.org/wiki/WVOF,88.5,FM,Fairfield
WNPR,https://en.wikipedia.org/wiki/WNPR,90.5,FM,Meriden
WESU,https://en.wikipedia.org/wiki/WESU,88.1,FM,Middletown
WYBC,https://en.wikipedia.org/wiki/WYBC_(AM),1340,AM,New Haven
WPKT,https://en.wikipedia.org/wiki/WPKT,89.1,FM,Norwich
WHDD,https://en.wikipedia.org/wiki/WHDD_(AM),1020,AM,Sharon
WHDD-FM,https://en.wikipedia.org/wiki/WHDD-FM,91.9,FM,Sharon
WQQQ,https://en.wikipedia.org/wiki/WQQQ,103.3,FM,Sharon
WEDW-FM,https://en.wikipedia.org/wiki/WEDW-FM,88.5,FM,Stamford
WSHU,https://en.wikipedia.org/wiki/WSHU_(AM),1260,AM,Westport
WECS,https://en.wikipedia.org/wiki/WECS,90.1,FM,Willimantic
WRTX,https://en.wikipedia.org/wiki/WRTX,91.7,FM,Dover
WDDE,https://en.wikipedia.org/wiki/WDDE,91.1,FM,Dover
WMPH,https://en.wikipedia.org/wiki/WMPH,91.7,FM,Wilmington
WAMU,https://en.wikipedia.org/wiki/WAMU,88.5,FM,Washington
WETA,https://en.wikipedia.org/wiki/WETA_(FM),90.9,FM,Washington
WMFV,https://en.wikipedia.org/wiki/WMFV,89.5,FM,Cedar Creek
WGCU-FM,https://en.wikipedia.org/wiki/WGCU-FM,90.1,FM,Fort Myers
WQCS,https://en.wikipedia.org/wiki/WQCS,88.9,FM,Fort Pierce
WUFT-FM,https://en.wikipedia.org/wiki/WUFT-FM,89.1,FM,Gainesville
WJUF,https://en.wikipedia.org/wiki/WJUF,90.1,FM,Inverness
WJCT-FM,https://en.wikipedia.org/wiki/WJCT-FM,89.9,FM,Jacksonville
WKWM,https://en.wikipedia.org/wiki/WKWM,91.5,FM,Marathon
WMKO,https://en.wikipedia.org/wiki/WMKO,91.7,FM,Marco Island
WFIT,https://en.wikipedia.org/wiki/WFIT,89.5,FM,Melbourne
WDNA,https://en.wikipedia.org/wiki/WDNA,88.9,FM,Miami
WLRN-FM,https://en.wikipedia.org/wiki/WLRN-FM,91.3,FM,Miami
WMFE-FM,https://en.wikipedia.org/wiki/WMFE-FM,90.7,FM,Orlando
WUCF-FM,https://en.wikipedia.org/wiki/WUCF-FM,89.9,FM,Orlando
WFSW,https://en.wikipedia.org/wiki/WFSW,89.1,FM,Panama City
WKGC-FM,https://en.wikipedia.org/wiki/WKGC-FM,90.7,FM,Panama City
WUWF,https://en.wikipedia.org/wiki/WUWF,88.1,FM,Pensacola
WSMR,https://en.wikipedia.org/wiki/WSMR_(FM),89.1,FM,Sarasota
WFSQ,https://en.wikipedia.org/wiki/WFSQ,91.5,FM,Tallahassee
WFSU-FM,https://en.wikipedia.org/wiki/WFSU-FM,88.9,FM,Tallahassee
WMNF,https://en.wikipedia.org/wiki/WMNF,88.5,FM,Tampa
WUSF,https://en.wikipedia.org/wiki/WUSF_(FM),89.7,FM,Tampa
WUNV,https://en.wikipedia.org/wiki/WUNV,91.7,FM,Albany
WUGA,https://en.wikipedia.org/wiki/WUGA_(FM),91.7,FM,Athens
WABE,https://en.wikipedia.org/wiki/WABE_(FM),90.1,FM,Atlanta
WCLK,https://en.wikipedia.org/wiki/WCLK,91.9,FM,Atlanta
WRAS,https://en.wikipedia.org/wiki/WRAS_(FM),88.5,FM,Atlanta
WACG-FM,https://en.wikipedia.org/wiki/WACG-FM,90.7,FM,Augusta
WWIO-FM,https://en.wikipedia.org/wiki/WWIO-FM,89.1,FM,Brunswick
WUWG,https://en.wikipedia.org/wiki/WUWG,90.7,FM,Carrollton
WNGH-FM,https://en.wikipedia.org/wiki/WNGH-FM,98.9,FM,Chatsworth
WTJB,https://en.wikipedia.org/wiki/WTJB,91.7,FM,Columbus
WNGU,https://en.wikipedia.org/wiki/WNGU,89.5,FM,Dahlonega
WPPR,https://en.wikipedia.org/wiki/WPPR,88.3,FM,Demorest
WJWV,https://en.wikipedia.org/wiki/WJWV,90.9,FM,Fort Gaines
WMUM-FM,https://en.wikipedia.org/wiki/WMUM-FM,89.7,FM,Macon
WRGC-FM,https://en.wikipedia.org/wiki/WRGC-FM,88.3,FM,Milledgeville
WGPB,https://en.wikipedia.org/wiki/WGPB,97.7,FM,Rome
WSVH,https://en.wikipedia.org/wiki/WSVH,91.1,FM,Savannah
WFSL,https://en.wikipedia.org/wiki/WFSL,90.7,FM,Thomasville
WABR,https://en.wikipedia.org/wiki/WABR,91.1,FM,Tifton
WVVS-FM,https://en.wikipedia.org/wiki/WVVS-FM,90.9,FM,Valdosta
WWET,https://en.wikipedia.org/wiki/WWET,91.7,FM,Valdosta
WJSP-FM,https://en.wikipedia.org/wiki/WJSP-FM,88.1,FM,Warm Springs
WXVS,https://en.wikipedia.org/wiki/WXVS,90.1,FM,Waycross
KPRG,https://en.wikipedia.org/wiki/KPRG,89.3,FM,Hagåtña
KIPH,https://en.wikipedia.org/wiki/KIPH,88.3,FM,Hana
KANO,https://en.wikipedia.org/wiki/KANO_(FM),89.1,FM,Hilo
KHPR,https://en.wikipedia.org/wiki/KHPR,88.1,FM,Honolulu
KIPO,https://en.wikipedia.org/wiki/KIPO_(FM),89.3,FM,Honolulu
KHPH,https://en.wikipedia.org/wiki/KHPH,88.7,FM,Kailua
KJHF,https://en.wikipedia.org/wiki/KJHF,103.1,FM,Kualapuu
KIPL,https://en.wikipedia.org/wiki/KIPL_(FM),89.9,FM,Lihue
KAHU,https://en.wikipedia.org/wiki/KAHU_(FM),91.3,FM,Pahala
KIPM,https://en.wikipedia.org/wiki/KIPM,89.7,FM,Waikapu
KKUA,https://en.wikipedia.org/wiki/KKUA,90.7,FM,Wailuku
KBSU,https://en.wikipedia.org/wiki/KBSU_(FM),90.3,FM,Boise
KBSX,https://en.wikipedia.org/wiki/KBSX,91.5,FM,Boise
KIBX,https://en.wikipedia.org/wiki/KIBX,92.1,FM,Bonners Ferry
KBSY,https://en.wikipedia.org/wiki/KBSY,88.5,FM,Burley
KNWO,https://en.wikipedia.org/wiki/KNWO,90.1,FM,Cottonwood
KLGG,https://en.wikipedia.org/wiki/KLGG,89.3,FM,Kellogg
KBSK,https://en.wikipedia.org/wiki/KBSK,89.9,FM,McCall
KBSM,https://en.wikipedia.org/wiki/KBSM,91.7,FM,McCall
KBSQ,https://en.wikipedia.org/wiki/KBSQ,90.7,FM,McCall
KRFA-FM,https://en.wikipedia.org/wiki/KRFA-FM,91.7,FM,Moscow
KISU-FM,https://en.wikipedia.org/wiki/KISU-FM,91.1,FM,Pocatello
KBYI,https://en.wikipedia.org/wiki/KBYI,94.3,FM,Rexburg
KXJO,https://en.wikipedia.org/wiki/KXJO,92.1,FM,St. Maries
KBSS,https://en.wikipedia.org/wiki/KBSS,91.1,FM,Sun Valley
KWRV,https://en.wikipedia.org/wiki/KWRV,91.9,FM,Sun Valley
KBSW,https://en.wikipedia.org/wiki/KBSW,91.7,FM,Twin Falls
WSIU,https://en.wikipedia.org/wiki/WSIU_(FM),91.9,FM,Carbondale
WBEZ,https://en.wikipedia.org/wiki/WBEZ,91.5,FM,Chicago
WNIJ,https://en.wikipedia.org/wiki/WNIJ,89.5,FM,DeKalb
WSIE,https://en.wikipedia.org/wiki/WSIE,88.7,FM,Edwardsville
WEPS,https://en.wikipedia.org/wiki/WEPS,88.9,FM,Elgin
WNIE,https://en.wikipedia.org/wiki/WNIE,89.1,FM,Freeport
WVKC,https://en.wikipedia.org/wiki/WVKC,90.7,FM,Galesburg
WDCB,https://en.wikipedia.org/wiki/WDCB,90.9,FM,Glen Ellyn
WBEK,https://en.wikipedia.org/wiki/WBEK_(FM),91.1,FM,Kankakee
WNIW,https://en.wikipedia.org/wiki/WNIW,91.5,FM,LaSalle
WIUM,https://en.wikipedia.org/wiki/WIUM,91.3,FM,Macomb
WBEQ,https://en.wikipedia.org/wiki/WBEQ,90.7,FM,Morris
WVSI,https://en.wikipedia.org/wiki/WVSI,88.9,FM,Mount Vernon
WGLT,https://en.wikipedia.org/wiki/WGLT,89.1,FM,Normal
WUSI,https://en.wikipedia.org/wiki/WUSI_(FM),90.3,FM,Olney
WCBU,https://en.wikipedia.org/wiki/WCBU,89.9,FM,Peoria
WIPA,https://en.wikipedia.org/wiki/WIPA,89.3,FM,Pittsfield
WQUB,https://en.wikipedia.org/wiki/WQUB,90.3,FM,Quincy
WVIK,https://en.wikipedia.org/wiki/WVIK,90.3,FM,Rock Island
WNIU,https://en.wikipedia.org/wiki/WNIU,90.5,FM,Rockford
WUIS,https://en.wikipedia.org/wiki/WUIS,91.9,FM,Springfield
WNIQ,https://en.wikipedia.org/wiki/WNIQ,91.5,FM,Sterling
WILL,https://en.wikipedia.org/wiki/WILL_(AM),580,AM,Urbana
WILL-FM,https://en.wikipedia.org/wiki/WILL-FM,90.9,FM,Urbana
WIUW,https://en.wikipedia.org/wiki/WIUW,89.5,FM,Warsaw
WBSB,https://en.wikipedia.org/wiki/WBSB_(FM),89.5,FM,Anderson
WFIU,https://en.wikipedia.org/wiki/WFIU,103.7,FM,Bloomington
WBEW,https://en.wikipedia.org/wiki/WBEW,89.5,FM,Chesterton
WNDY,https://en.wikipedia.org/wiki/WNDY_(FM),91.3,FM,Crawfordsville
WVPE,https://en.wikipedia.org/wiki/WVPE,88.1,FM,Elkhart
WNIN-FM,https://en.wikipedia.org/wiki/WNIN-FM,88.3,FM,Evansville
WBOI,https://en.wikipedia.org/wiki/WBOI,89.1,FM,Fort Wayne
WGVE-FM,https://en.wikipedia.org/wiki/WGVE-FM,88.7,FM,Gary
WBSH,https://en.wikipedia.org/wiki/WBSH,91.1,FM,Hagerstown
WFYI-FM,https://en.wikipedia.org/wiki/WFYI-FM,90.1,FM,Indianapolis
WLPR-FM,https://en.wikipedia.org/wiki/WLPR-FM,89.1,FM,Lowell
WBSW,https://en.wikipedia.org/wiki/WBSW,90.9,FM,Marion
WBST,https://en.wikipedia.org/wiki/WBST,92.1,FM,Muncie
WZJR,https://en.wikipedia.org/wiki/WZJR,91.7,FM,Portland
WISU,https://en.wikipedia.org/wiki/WISU,89.7,FM,Terre Haute
WVUB,https://en.wikipedia.org/wiki/WVUB,91.1,FM,Vincennes
WBAA,https://en.wikipedia.org/wiki/WBAA_(AM),920,AM,West Lafayette
WBAA-FM,https://en.wikipedia.org/wiki/WBAA-FM,101.3,FM,West Lafayette
WOI,https://en.wikipedia.org/wiki/WOI_(AM),640,AM,Ames
WOI-FM,https://en.wikipedia.org/wiki/WOI-FM,90.1,FM,Ames
KNSB,https://en.wikipedia.org/wiki/KNSB_(FM),91.1,FM,Bettendorf
KNSC,https://en.wikipedia.org/wiki/KNSC,90.7,FM,Carroll
KHKE,https://en.wikipedia.org/wiki/KHKE,89.5,FM,Cedar Falls
KUNI,https://en.wikipedia.org/wiki/KUNI_(FM),90.9,FM,Cedar Falls
KCCK-FM,https://en.wikipedia.org/wiki/KCCK-FM,88.3,FM,Cedar Rapids
KIWR,https://en.wikipedia.org/wiki/KIWR,89.7,FM,Council Bluffs
KLCD,https://en.wikipedia.org/wiki/KLCD,89.5,FM,Decorah
KLNI,https://en.wikipedia.org/wiki/KLNI,88.7,FM,Decorah
KNSY,https://en.wikipedia.org/wiki/KNSY,89.7,FM,Dubuque
KNSK,https://en.wikipedia.org/wiki/KNSK,91.1,FM,Fort Dodge
KSUI,https://en.wikipedia.org/wiki/KSUI,91.7,FM,Iowa City
WSUI,https://en.wikipedia.org/wiki/WSUI,910,AM,Iowa City
KNSL,https://en.wikipedia.org/wiki/KNSL,97.9,FM,Lamoni
KRNI,https://en.wikipedia.org/wiki/KRNI,1010,AM,Mason City
KNSM,https://en.wikipedia.org/wiki/KNSM,91.5,FM,Mason City
KICJ,https://en.wikipedia.org/wiki/KICJ,88.9,FM,Mitchellville
KOJI,https://en.wikipedia.org/wiki/KOJI,90.7,FM,Okoboji
KNSZ,https://en.wikipedia.org/wiki/KNSZ,89.1,FM,Ottumwa
KICW,https://en.wikipedia.org/wiki/KICW,91.1,FM,Ottumwa
KICP,https://en.wikipedia.org/wiki/KICP,105.9,FM,Patterson
KICG,https://en.wikipedia.org/wiki/KICG,91.7,FM,Perry
KICL,https://en.wikipedia.org/wiki/KICL,96.3,FM,Pleasantville
KWIT,https://en.wikipedia.org/wiki/KWIT,90.3,FM,Sioux City
KBBG,https://en.wikipedia.org/wiki/KBBG,88.1,FM,Waterloo
KZNK,https://en.wikipedia.org/wiki/KZNK,90.1,FM,Brewster
KANQ,https://en.wikipedia.org/wiki/KANQ,90.3,FM,Chanute
KZCK,https://en.wikipedia.org/wiki/KZCK,88.1,FM,Colby
KZNZ,https://en.wikipedia.org/wiki/KZNZ,91.5,FM,Elkhart
KANH,https://en.wikipedia.org/wiki/KANH,89.7,FM,Emporia
KANZ,https://en.wikipedia.org/wiki/KANZ,91.1,FM,Garden City
KZAN,https://en.wikipedia.org/wiki/KZAN,91.7,FM,Hays
KZNA,https://en.wikipedia.org/wiki/KZNA,90.5,FM,Hill City
KANU,https://en.wikipedia.org/wiki/KANU_(FM),91.5,FM,Lawrence
KANV,https://en.wikipedia.org/wiki/KANV,91.3,FM,Olsburg
KRPS,https://en.wikipedia.org/wiki/KRPS_(FM),89.9,FM,Pittsburg
KMUW,https://en.wikipedia.org/wiki/KMUW,89.1,FM,Wichita
WKYU-FM,https://en.wikipedia.org/wiki/WKYU-FM,88.9,FM,Bowling Green
WEKC,https://en.wikipedia.org/wiki/WEKC,88.5,FM,Corbin
WKUE,https://en.wikipedia.org/wiki/WKUE,90.9,FM,Elizabethtown
WKMT,https://en.wikipedia.org/wiki/WKMT_(FM),89.5,FM,Fulton
WEKH,https://en.wikipedia.org/wiki/WEKH,90.9,FM,Hazard
WKPB,https://en.wikipedia.org/wiki/WKPB,89.5,FM,Henderson
WEKU,https://en.wikipedia.org/wiki/WEKU,88.9,FM,Richmond
WUKY,https://en.wikipedia.org/wiki/WUKY,91.3,FM,Lexington
WFPK,https://en.wikipedia.org/wiki/WFPK,91.9,FM,Louisville
WFPL,https://en.wikipedia.org/wiki/WFPL,89.3,FM,Louisville
WUOL-FM,https://en.wikipedia.org/wiki/WUOL-FM,90.5,FM,Louisville
WKMD,https://en.wikipedia.org/wiki/WKMD,90.9,FM,Madisonville
WMKY,https://en.wikipedia.org/wiki/WMKY,90.3,FM,Morehead
WKMS-FM,https://en.wikipedia.org/wiki/WKMS-FM,91.3,FM,Murray
WEKP,https://en.wikipedia.org/wiki/WEKP,90.1,FM,Pineville
WDCL-FM,https://en.wikipedia.org/wiki/WDCL-FM,89.7,FM,Somerset
KLSA,https://en.wikipedia.org/wiki/KLSA,90.7,FM,Alexandria
WRKF,https://en.wikipedia.org/wiki/WRKF,89.3,FM,Baton Rouge
KSLU,https://en.wikipedia.org/wiki/KSLU_(FM),90.9,FM,Hammond
KRVS,https://en.wikipedia.org/wiki/KRVS,88.7,FM,Lafayette
KEDM,https://en.wikipedia.org/wiki/KEDM,90.3,FM,Monroe
WWNO,https://en.wikipedia.org/wiki/WWNO,89.9,FM,New Orleans
KDAQ,https://en.wikipedia.org/wiki/KDAQ,89.9,FM,Shreveport
KTLN,https://en.wikipedia.org/wiki/KTLN_(FM),90.5,FM,Thibodaux
WMEH,https://en.wikipedia.org/wiki/WMEH,90.9,FM,Bangor
WBQA,https://en.wikipedia.org/wiki/WBQA,96.7,FM,Boothbay Harbor
WMED,https://en.wikipedia.org/wiki/WMED_(FM),89.7,FM,Calais
WMEP,https://en.wikipedia.org/wiki/WMEP,90.5,FM,Camden
WMEF,https://en.wikipedia.org/wiki/WMEF,106.5,FM,Fort Kent
WBQF,https://en.wikipedia.org/wiki/WBQF,91.7,FM,Fryeburg
WBQE,https://en.wikipedia.org/wiki/WBQE,93.7,FM,Milbridge
WMEA,https://en.wikipedia.org/wiki/WMEA_(FM),90.1,FM,Portland
WMEM,https://en.wikipedia.org/wiki/WMEM_(FM),106.1,FM,Presque Isle
WMEW,https://en.wikipedia.org/wiki/WMEW,91.3,FM,Waterville
KRNM,https://en.wikipedia.org/wiki/KRNM,88.1,FM,Saipan
WEAA,https://en.wikipedia.org/wiki/WEAA,88.9,FM,Baltimore
WYPR,https://en.wikipedia.org/wiki/WYPR,88.1,FM,Baltimore
WYPF,https://en.wikipedia.org/wiki/WYPF,88.1,FM,Frederick
WFWM,https://en.wikipedia.org/wiki/WFWM,91.9,FM,Frostburg
WGMS,https://en.wikipedia.org/wiki/WGMS_(FM),89.1,FM,Hagerstown
WSDL,https://en.wikipedia.org/wiki/WSDL_(FM),90.7,FM,Ocean City
WYPO,https://en.wikipedia.org/wiki/WYPO,106.9,FM,Ocean City
WESM,https://en.wikipedia.org/wiki/WESM,91.3,FM,Princess Anne
WSCL,https://en.wikipedia.org/wiki/WSCL,89.5,FM,Salisbury
WTMD,https://en.wikipedia.org/wiki/WTMD,89.7,FM,Towson
WKHS,https://en.wikipedia.org/wiki/WKHS,90.5,FM,Worton
WNNI,https://en.wikipedia.org/wiki/WNNI,98.9,FM,Adams
WAMH,https://en.wikipedia.org/wiki/WAMH,89.3,FM,Amherst
WFCR,https://en.wikipedia.org/wiki/WFCR,88.5,FM,Amherst
WBUR-FM,https://en.wikipedia.org/wiki/WBUR-FM,90.9,FM,Boston
WGBH,https://en.wikipedia.org/wiki/WGBH_(FM),89.7,FM,Boston
WUMB-FM,https://en.wikipedia.org/wiki/WUMB-FM,91.9,FM,Boston
WBUH,https://en.wikipedia.org/wiki/WBUH,89.1,FM,Brewster
WZAI,https://en.wikipedia.org/wiki/WZAI,94.3,FM,Brewster
WNNZ-FM,https://en.wikipedia.org/wiki/WNNZ-FM,91.7,FM,Deerfield
WMVY,https://en.wikipedia.org/wiki/WMVY,88.7,FM,Edgartown
WFPB-FM,https://en.wikipedia.org/wiki/WFPB-FM,91.9,FM,Falmouth
WAMQ,https://en.wikipedia.org/wiki/WAMQ,105.1,FM,Great Barrington
WNNU,https://en.wikipedia.org/wiki/WNNU,89.5,FM,Great Barrington
WCRB,https://en.wikipedia.org/wiki/WCRB,99.5,FM,Lowell
WNAN,https://en.wikipedia.org/wiki/WNAN,91.1,FM,Nantucket
WNCK,https://en.wikipedia.org/wiki/WNCK,89.5,FM,Nantucket
WNEF,https://en.wikipedia.org/wiki/WNEF,91.7,FM,Newburyport
WFPB,https://en.wikipedia.org/wiki/WFPB_(AM),1170,AM,Orleans
WSDH,https://en.wikipedia.org/wiki/WSDH,91.5,FM,Sandwich
WBSL-FM,https://en.wikipedia.org/wiki/WBSL-FM,91.7,FM,Sheffield
WAIC,https://en.wikipedia.org/wiki/WAIC,91.9,FM,Springfield
WUMG,https://en.wikipedia.org/wiki/WUMG,91.7,FM,Stow
WBUA,https://en.wikipedia.org/wiki/WBUA,92.7,FM,Tisbury
WNNZ,https://en.wikipedia.org/wiki/WNNZ_(AM),640,AM,Westfield
WCAI,https://en.wikipedia.org/wiki/WCAI,90.1,FM,Woods Hole
WBPR,https://en.wikipedia.org/wiki/WBPR,91.9,FM,Worcester
WICN,https://en.wikipedia.org/wiki/WICN,90.5,FM,Worcester
WGVU-FM,https://en.wikipedia.org/wiki/WGVU-FM,88.5,FM,Allendale
WCML-FM,https://en.wikipedia.org/wiki/WCML-FM,91.7,FM,Alpena
WUOM,https://en.wikipedia.org/wiki/WUOM,91.7,FM,Ann Arbor
WUCX-FM,https://en.wikipedia.org/wiki/WUCX-FM,90.1,FM,Bay City
WAUS,https://en.wikipedia.org/wiki/WAUS,90.7,FM,Berrien Springs
WDET-FM,https://en.wikipedia.org/wiki/WDET-FM,101.9,FM,Detroit
WKAR,https://en.wikipedia.org/wiki/WKAR_(AM),870,AM,East Lansing
WKAR-FM,https://en.wikipedia.org/wiki/WKAR-FM,90.5,FM,East Lansing
WFUM,https://en.wikipedia.org/wiki/WFUM,91.1,FM,Flint
WBLU-FM,https://en.wikipedia.org/wiki/WBLU-FM,88.9,FM,Grand Rapids
WVGR,https://en.wikipedia.org/wiki/WVGR,104.1,FM,Grand Rapids
WCMW-FM,https://en.wikipedia.org/wiki/WCMW-FM,103.9,FM,Harbor Springs
WHBP,https://en.wikipedia.org/wiki/WHBP,90.1,FM,Harbor Springs
WGGL-FM,https://en.wikipedia.org/wiki/WGGL-FM,91.1,FM,Houghton
WIAA,https://en.wikipedia.org/wiki/WIAA_(FM),88.7,FM,Interlochen
WKDS,https://en.wikipedia.org/wiki/WKDS,89.9,FM,Kalamazoo
WMUK,https://en.wikipedia.org/wiki/WMUK,102.1,FM,Kalamazoo
WCMV-FM,https://en.wikipedia.org/wiki/WCMV-FM,94.3,FM,Leland
WIAB,https://en.wikipedia.org/wiki/WIAB,88.5,FM,Mackinaw City
WLMN,https://en.wikipedia.org/wiki/WLMN,89.7,FM,Manistee
WNMU-FM,https://en.wikipedia.org/wiki/WNMU-FM,90.1,FM,Marquette
WCMU-FM,https://en.wikipedia.org/wiki/WCMU-FM,89.5,FM,Mount Pleasant
WCMB-FM,https://en.wikipedia.org/wiki/WCMB-FM,95.7,FM,Oscoda
WRSX,https://en.wikipedia.org/wiki/WRSX,91.3,FM,Port Huron
WCMZ-FM,https://en.wikipedia.org/wiki/WCMZ-FM,98.3,FM,Sault Ste. Marie
WWCM,https://en.wikipedia.org/wiki/WWCM,96.9,FM,Standish
WICA,https://en.wikipedia.org/wiki/WICA_(FM),91.5,FM,Traverse City
WBLV,https://en.wikipedia.org/wiki/WBLV,90.3,FM,Twin Lake
WGVS-FM,https://en.wikipedia.org/wiki/WGVS-FM,95.3,FM,Whitehall
WEMU,https://en.wikipedia.org/wiki/WEMU,89.1,FM,Ypsilanti
KNCM,https://en.wikipedia.org/wiki/KNCM,88.5,FM,Appleton
KRSU,https://en.wikipedia.org/wiki/KRSU_(FM),91.3,FM,Appleton
KNSE,https://en.wikipedia.org/wiki/KNSE,90.1,FM,Austin
KBXE,https://en.wikipedia.org/wiki/KBXE,90.5,FM,Bagley
KCRB-FM,https://en.wikipedia.org/wiki/KCRB-FM,88.5,FM,Bemidji
KNBJ,https://en.wikipedia.org/wiki/KNBJ,91.3,FM,Bemidji
KBPN,https://en.wikipedia.org/wiki/KBPN,88.3,FM,Brainerd
KBPR,https://en.wikipedia.org/wiki/KBPR,90.7,FM,Brainerd
WIRN,https://en.wikipedia.org/wiki/WIRN,92.5,FM,Buhl
KNSR,https://en.wikipedia.org/wiki/KNSR,88.9,FM,Collegeville
KSJR-FM,https://en.wikipedia.org/wiki/KSJR-FM,90.1,FM,Collegeville
WSCN,https://en.wikipedia.org/wiki/WSCN,100.5,FM,Cloquet
WDSE-FM,https://en.wikipedia.org/wiki/WDSE-FM,103.3,FM,Duluth
WSCD-FM,https://en.wikipedia.org/wiki/WSCD-FM,92.9,FM,Duluth
KCMF,https://en.wikipedia.org/wiki/KCMF,89.7,FM,Fergus Falls
KNWF,https://en.wikipedia.org/wiki/KNWF,91.5,FM,Fergus Falls
WLSN,https://en.wikipedia.org/wiki/WLSN,89.7,FM,Grand Marais
WMLS,https://en.wikipedia.org/wiki/WMLS,88.7,FM,Grand Marais
WTIP,https://en.wikipedia.org/wiki/WTIP,90.7,FM,Grand Marais
WGPO,https://en.wikipedia.org/wiki/WGPO,90.1,FM,Grand Portage
KAXE,https://en.wikipedia.org/wiki/KAXE,91.7,FM,Grand Rapids
WGRH,https://en.wikipedia.org/wiki/WGRH,88.5,FM,Hinckley
KITF,https://en.wikipedia.org/wiki/KITF,88.3,FM,International Falls
KXLC,https://en.wikipedia.org/wiki/KXLC,91.1,FM,La Crescent
KMSU,https://en.wikipedia.org/wiki/KMSU,89.7,FM,Mankato
KBEM-FM,https://en.wikipedia.org/wiki/KBEM-FM,88.5,FM,Minneapolis
KSJN,https://en.wikipedia.org/wiki/KSJN,99.5,FM,Minneapolis
KNOW-FM,https://en.wikipedia.org/wiki/KNOW-FM,91.1,FM,Minneapolis–St. Paul
KCCD,https://en.wikipedia.org/wiki/KCCD,90.3,FM,Moorhead
KCCM-FM,https://en.wikipedia.org/wiki/KCCM-FM,91.1,FM,Moorhead
KCMP,https://en.wikipedia.org/wiki/KCMP,89.3,FM,Northfield
KRFI,https://en.wikipedia.org/wiki/KRFI,88.1,FM,Redwood Falls
KLSE,https://en.wikipedia.org/wiki/KLSE_(FM),90.7,FM,Rochester
KMSE,https://en.wikipedia.org/wiki/KMSE,88.7,FM,Rochester
KZSE,https://en.wikipedia.org/wiki/KZSE,91.7,FM,Rochester
KRXW,https://en.wikipedia.org/wiki/KRXW,103.5,FM,Roseau
KGAC,https://en.wikipedia.org/wiki/KGAC,90.5,FM,St. Peter
KNGA,https://en.wikipedia.org/wiki/KNGA,91.5,FM,St. Peter
KNTN,https://en.wikipedia.org/wiki/KNTN,102.7,FM,Thief River Falls
KQMN,https://en.wikipedia.org/wiki/KQMN,91.5,FM,Thief River Falls
WIRR,https://en.wikipedia.org/wiki/WIRR,90.9,FM,Virginia–Hibbing
KRSW,https://en.wikipedia.org/wiki/KRSW,89.3,FM,Worthington
KNSW,https://en.wikipedia.org/wiki/KNSW,91.7,FM,Worthington–Marshall
WMAH-FM,https://en.wikipedia.org/wiki/WMAH-FM,90.3,FM,Biloxi
WMAE-FM,https://en.wikipedia.org/wiki/WMAE-FM,89.5,FM,Booneville
WMAU-FM,https://en.wikipedia.org/wiki/WMAU-FM,88.9,FM,Bude
WMAO-FM,https://en.wikipedia.org/wiki/WMAO-FM,90.9,FM,Greenwood
WURC,https://en.wikipedia.org/wiki/WURC,88.1,FM,Holly Springs
WJSU-FM,https://en.wikipedia.org/wiki/WJSU-FM,88.5,FM,Jackson
WMPN-FM,https://en.wikipedia.org/wiki/WMPN-FM,91.3,FM,Jackson
WPRL,https://en.wikipedia.org/wiki/WPRL,91.7,FM,Lorman
WMAW-FM,https://en.wikipedia.org/wiki/WMAW-FM,88.1,FM,Meridian
WMAB-FM,https://en.wikipedia.org/wiki/WMAB-FM,89.9,FM,Mississippi State
WMAV-FM,https://en.wikipedia.org/wiki/WMAV-FM,90.3,FM,Oxford
WMSV,https://en.wikipedia.org/wiki/WMSV,91.1,FM,Starkville
KSMS-FM,https://en.wikipedia.org/wiki/KSMS-FM,90.5,FM,Branson
KRCU,https://en.wikipedia.org/wiki/KRCU,90.9,FM,Cape Girardeau
KRNW,https://en.wikipedia.org/wiki/KRNW,88.9,FM,Chillicothe
KBIA,https://en.wikipedia.org/wiki/KBIA,91.3,FM,Columbia
KMUC,https://en.wikipedia.org/wiki/KMUC,90.5,FM,Columbia
KOPN,https://en.wikipedia.org/wiki/KOPN,89.5,FM,Columbia
KCUR-FM,https://en.wikipedia.org/wiki/KCUR-FM,89.3,FM,Kansas City
KKTR,https://en.wikipedia.org/wiki/KKTR,89.7,FM,Kirksville
KWJC,https://en.wikipedia.org/wiki/KWJC,91.9,FM,Liberty
KXCV,https://en.wikipedia.org/wiki/KXCV,90.5,FM,Maryville
KAUD,https://en.wikipedia.org/wiki/KAUD_(FM),90.5,FM,Mexico
KMST,https://en.wikipedia.org/wiki/KMST_(FM),88.5,FM,Rolla
KSMU,https://en.wikipedia.org/wiki/KSMU,91.1,FM,Springfield
KWMU,https://en.wikipedia.org/wiki/KWMU,90.7,FM,St. Louis
KSEF,https://en.wikipedia.org/wiki/KSEF,88.9,FM,Ste. Genevieve
KDMC-FM,https://en.wikipedia.org/wiki/KDMC-FM,88.7,FM,Van Buren
KTBG,https://en.wikipedia.org/wiki/KTBG,90.9,FM,Warrensburg
KSMW,https://en.wikipedia.org/wiki/KSMW,90.9,FM,West Plains
KEMC,https://en.wikipedia.org/wiki/KEMC,91.7,FM,Billings
KBMC,https://en.wikipedia.org/wiki/KBMC_(FM),102.1,FM,Bozeman
KGLT,https://en.wikipedia.org/wiki/KGLT,91.9,FM,Bozeman
KAPC,https://en.wikipedia.org/wiki/KAPC,91.3,FM,Butte
KGVA,https://en.wikipedia.org/wiki/KGVA,88.1,FM,Fort Belknap
KGPR,https://en.wikipedia.org/wiki/KGPR,89.9,FM,Great Falls
KUFN,https://en.wikipedia.org/wiki/KUFN,91.9,FM,Hamilton
KUHM,https://en.wikipedia.org/wiki/KUHM_(FM),91.7,FM,Helena
KYPH,https://en.wikipedia.org/wiki/KYPH,88.5,FM,Helena
KYPX,https://en.wikipedia.org/wiki/KYPX_(FM),106.5,FM,Helena Valley SE
KUKL,https://en.wikipedia.org/wiki/KUKL_(FM),89.9,FM,Kalispell
KUFL,https://en.wikipedia.org/wiki/KUFL,90.5,FM,Libby
KYPR,https://en.wikipedia.org/wiki/KYPR,90.7,FM,Miles City
KUFM,https://en.wikipedia.org/wiki/KUFM_(FM),89.1,FM,Missoula
KPJH,https://en.wikipedia.org/wiki/KPJH,89.5,FM,Polson
KTNE-FM,https://en.wikipedia.org/wiki/KTNE-FM,91.1,FM,Alliance
KMNE-FM,https://en.wikipedia.org/wiki/KMNE-FM,90.3,FM,Bassett
KCNE-FM,https://en.wikipedia.org/wiki/KCNE-FM,91.9,FM,Chadron
KHNE-FM,https://en.wikipedia.org/wiki/KHNE-FM,89.1,FM,Hastings
KLNE-FM,https://en.wikipedia.org/wiki/KLNE-FM,88.7,FM,Lexington
KUCV,https://en.wikipedia.org/wiki/KUCV,91.1,FM,Lincoln
KZUM,https://en.wikipedia.org/wiki/KZUM,89.3,FM,Lincoln
KRNE-FM,https://en.wikipedia.org/wiki/KRNE-FM,91.5,FM,Merriman
KXNE-FM,https://en.wikipedia.org/wiki/KXNE-FM,89.3,FM,Norfolk
KPNE-FM,https://en.wikipedia.org/wiki/KPNE-FM,91.7,FM,North Platte
KIOS-FM,https://en.wikipedia.org/wiki/KIOS-FM,91.5,FM,Omaha
KLKR,https://en.wikipedia.org/wiki/KLKR_(FM),89.3,FM,Elko
KNCC,https://en.wikipedia.org/wiki/KNCC_(FM),91.5,FM,Elko
KBSJ,https://en.wikipedia.org/wiki/KBSJ,91.3,FM,Jackpot
KCNV,https://en.wikipedia.org/wiki/KCNV,89.7,FM,Las Vegas
KNPR,https://en.wikipedia.org/wiki/KNPR,88.9,FM,Las Vegas
KWPR,https://en.wikipedia.org/wiki/KWPR,88.7,FM,Lund
KLNR,https://en.wikipedia.org/wiki/KLNR,91.7,FM,Panaca
KNCJ,https://en.wikipedia.org/wiki/KNCJ,89.5,FM,Reno
KUNR,https://en.wikipedia.org/wiki/KUNR,88.7,FM,Reno
KVNV,https://en.wikipedia.org/wiki/KVNV_(FM),89.1,FM,Reno
KTPH,https://en.wikipedia.org/wiki/KTPH_(FM),91.7,FM,Tonopah
WEVF,https://en.wikipedia.org/wiki/WEVF,90.3,FM,Colebrook
WCNH,https://en.wikipedia.org/wiki/WCNH,90.5,FM,Concord
WEVO,https://en.wikipedia.org/wiki/WEVO,89.1,FM,Concord
WEVC,https://en.wikipedia.org/wiki/WEVC,107.1,FM,Gorham
WEVH,https://en.wikipedia.org/wiki/WEVH,91.3,FM,Hanover
WEVJ,https://en.wikipedia.org/wiki/WEVJ,99.5,FM,Jackson
WEVN,https://en.wikipedia.org/wiki/WEVN,90.7,FM,Keene
WEVQ,https://en.wikipedia.org/wiki/WEVQ,91.9,FM,Littleton
WEVS,https://en.wikipedia.org/wiki/WEVS,88.3,FM,Nashua
WNJZ,https://en.wikipedia.org/wiki/WNJZ,90.3,FM,Cape May
WWCJ,https://en.wikipedia.org/wiki/WWCJ,89.1,FM,Cape May
WXPJ,https://en.wikipedia.org/wiki/WXPJ,91.9,FM,Hackettstown
WBJB-FM,https://en.wikipedia.org/wiki/WBJB-FM,90.5,FM,Lincroft
WNJM,https://en.wikipedia.org/wiki/WNJM,89.9,FM,Manahawkin
WNJY,https://en.wikipedia.org/wiki/WNJY,89.3,FM,Netcong
WBGO,https://en.wikipedia.org/wiki/WBGO,88.3,FM,Newark
WQXR-FM,https://en.wikipedia.org/wiki/WQXR-FM,105.9,FM,Newark
WRTQ,https://en.wikipedia.org/wiki/WRTQ,91.3,FM,Ocean City
WNJP,https://en.wikipedia.org/wiki/WNJP,88.5,FM,Sussex
WNJO,https://en.wikipedia.org/wiki/WNJO_(FM),90.3,FM,Toms River
WWNJ,https://en.wikipedia.org/wiki/WWNJ,91.1,FM,Toms River Township
WNJT-FM,https://en.wikipedia.org/wiki/WNJT-FM,88.1,FM,Trenton
WWFM,https://en.wikipedia.org/wiki/WWFM,89.1,FM,Trenton
KANW,https://en.wikipedia.org/wiki/KANW,89.1,FM,Albuquerque
KUNM,https://en.wikipedia.org/wiki/KUNM,89.9,FM,Albuquerque
KRRT,https://en.wikipedia.org/wiki/KRRT_(FM),90.9,FM,Arroyo Seco
KENU,https://en.wikipedia.org/wiki/KENU_(FM),88.5,FM,Des Moines
KCIE,https://en.wikipedia.org/wiki/KCIE_(FM),90.5,FM,Dulce
KENE,https://en.wikipedia.org/wiki/KENE,88.1,FM,Eagle Tail
KRAR,https://en.wikipedia.org/wiki/KRAR,91.9,FM,Espanola
KUUT,https://en.wikipedia.org/wiki/KUUT,89.7,FM,Farmington
KUSW,https://en.wikipedia.org/wiki/KUSW,88.1,FM,Flora Vista
KGLP,https://en.wikipedia.org/wiki/KGLP,91.7,FM,Gallup
KANM,https://en.wikipedia.org/wiki/KANM_(FM),90.3,FM,Grants
KIDS,https://en.wikipedia.org/wiki/KIDS_(FM),88.1,FM,Grants
KRWG,https://en.wikipedia.org/wiki/KRWG_(FM),90.7,FM,Las Cruces
KRRE,https://en.wikipedia.org/wiki/KRRE,91.9,FM,Las Vegas
KMTH,https://en.wikipedia.org/wiki/KMTH_(FM),98.7,FM,Maljamar
KENW-FM,https://en.wikipedia.org/wiki/KENW-FM,89.5,FM,Portales
KTDB,https://en.wikipedia.org/wiki/KTDB,89.7,FM,Ramah
KENG,https://en.wikipedia.org/wiki/KENG_(FM),88.5,FM,Ruidoso
KANR,https://en.wikipedia.org/wiki/KANR_(FM),91.9,FM,Santa Rosa
KRXG,https://en.wikipedia.org/wiki/KRXG,91.3,FM,Silver City
KBOM,https://en.wikipedia.org/wiki/KBOM,88.7,FM,Socorro
KENM,https://en.wikipedia.org/wiki/KENM_(FM),88.9,FM,Tucumcari
WAMC,https://en.wikipedia.org/wiki/WAMC_(AM),1400,AM,Albany
WAMC-FM,https://en.wikipedia.org/wiki/WAMC,90.3,FM,Albany
WEXT,https://en.wikipedia.org/wiki/WEXT,97.7,FM,Amsterdam
WLHV,https://en.wikipedia.org/wiki/WHDD-FM,88.1,FM,Annandale-on-Hudson
WSKG-FM,https://en.wikipedia.org/wiki/WSKG-FM,89.3,FM,Binghamton
WSQX-FM,https://en.wikipedia.org/wiki/WSQX-FM,91.5,FM,Binghamton
WXLH,https://en.wikipedia.org/wiki/WXLH,91.3,FM,Blue Mountain Lake
WXLB,https://en.wikipedia.org/wiki/North_Country_Public_Radio,91.7,FM,Boonville
WANR,https://en.wikipedia.org/wiki/WANR_(FM),88.5,FM,Brewster
WCWP,https://en.wikipedia.org/wiki/WCWP,88.1,FM,Brookville
WBFO,https://en.wikipedia.org/wiki/WBFO,88.7,FM,Buffalo
WNED-FM,https://en.wikipedia.org/wiki/WNED-FM,94.5,FM,Buffalo
WCAN,https://en.wikipedia.org/wiki/WCAN_(FM),93.3,FM,Canajoharie
WREM,https://en.wikipedia.org/wiki/WREM,88.7,FM,Canton
WSLU,https://en.wikipedia.org/wiki/WSLU,89.5,FM,Canton
WSLZ,https://en.wikipedia.org/wiki/North_Country_Public_Radio,88.1,FM,Cape Vincent
WRVH,https://en.wikipedia.org/wiki/WRVH_(FM),89.3,FM,Clayton
WSUC-FM,https://en.wikipedia.org/wiki/WSUC-FM,90.5,FM,Cortland
WSQE,https://en.wikipedia.org/wiki/WSQE,91.1,FM,Corning
WMVQ,https://en.wikipedia.org/wiki/WMVQ,90.5,FM,Fenner
WCVF-FM,https://en.wikipedia.org/wiki/WCVF-FM,91.3,FM,Fredonia
WEOS,https://en.wikipedia.org/wiki/WEOS,89.5,FM,Geneva
WSLG,https://en.wikipedia.org/wiki/WSLG,90.5,FM,Gouverneur
WSQN,https://en.wikipedia.org/wiki/WSQN,88.1,FM,Greene
WRCU-FM,https://en.wikipedia.org/wiki/WRCU-FM,90.1,FM,Hamilton
WSQA,https://en.wikipedia.org/wiki/WSQA,88.7,FM,Hornell
WXXY,https://en.wikipedia.org/wiki/WXXY,90.3,FM,Houghton
WXLE,https://en.wikipedia.org/wiki/WXLE,105.9,FM,Indian Lake
WITH,https://en.wikipedia.org/wiki/WITH_(FM),90.1,FM,Ithaca
WSQG-FM,https://en.wikipedia.org/wiki/WSQG-FM,90.9,FM,Ithaca
WUBJ,https://en.wikipedia.org/wiki/WUBJ,88.1,FM,Jamestown
WNJA,https://en.wikipedia.org/wiki/WNJA,89.7,FM,Jamestown
WJFF,https://en.wikipedia.org/wiki/WJFF,90.5,FM,Jeffersonville
WAMK,https://en.wikipedia.org/wiki/WAMC#Repeaters,90.9,FM,Kingston
WXLL,https://en.wikipedia.org/wiki/North_Country_Public_Radio,91.7,FM,Lake Placid
WXLD,https://en.wikipedia.org/wiki/WXLD,89.7,FM,Lowville
WSLO,https://en.wikipedia.org/wiki/WSLO,90.9,FM,Malone
WOSR,https://en.wikipedia.org/wiki/WOSR,91.7,FM,Middletown
WWES,https://en.wikipedia.org/wiki/WWES,88.9,FM,Mount Kisco
WFUV,https://en.wikipedia.org/wiki/WFUV,90.7,FM,New York
WNYC,https://en.wikipedia.org/wiki/WNYC_(AM),820,AM,New York
WNYC-FM,https://en.wikipedia.org/wiki/WNYC-FM,93.9,FM,New York
WNYE,https://en.wikipedia.org/wiki/WNYE_(FM),91.5,FM,New York
WXLG,https://en.wikipedia.org/wiki/WXLG,89.9,FM,North Creek
WSUF,https://en.wikipedia.org/wiki/WSUF,89.9,FM,Noyack
WRFI,https://en.wikipedia.org/wiki/WRFI_(FM),89.7,FM,Odessa
WOLN,https://en.wikipedia.org/wiki/WOLN,91.3,FM,Olean
WSQC-FM,https://en.wikipedia.org/wiki/WSQC-FM,91.7,FM,Oneonta
WRVO,https://en.wikipedia.org/wiki/WRVO,89.9,FM,Oswego
WXLU,https://en.wikipedia.org/wiki/WXLU,88.1,FM,Peru
WCEL,https://en.wikipedia.org/wiki/WCEL,91.9,FM,Plattsburgh
WRHV,https://en.wikipedia.org/wiki/WRHV,88.7,FM,Poughkeepsie
WRUN,https://en.wikipedia.org/wiki/WRUN,90.3,FM,Remsen
WXXI,https://en.wikipedia.org/wiki/WXXI_(AM),1370,AM,Rochester
WXXI-FM,https://en.wikipedia.org/wiki/WXXI-FM,105.9,FM,Rochester
WXXO,https://en.wikipedia.org/wiki/WXXO_(FM),91.5,FM,Rochester
WRUR-FM,https://en.wikipedia.org/wiki/WRUR-FM,88.5,FM,Rochester
WSLL,https://en.wikipedia.org/wiki/WSLL,90.5,FM,Saranac Lake
WMHT-FM,https://en.wikipedia.org/wiki/WMHT-FM,89.1,FM,Schenectady
WOXR,https://en.wikipedia.org/wiki/WOXR,90.9,FM,Schuyler Falls
WLIW-FM,https://en.wikipedia.org/wiki/WLIW-FM,88.3,FM,Southampton
WRLI-FM,https://en.wikipedia.org/wiki/WRLI-FM,91.3,FM,Southampton
WANZ,https://en.wikipedia.org/wiki/WANZ,90.1,FM,Stamford
WAER,https://en.wikipedia.org/wiki/WAER,88.3,FM,Syracuse
WCNY-FM,https://en.wikipedia.org/wiki/WCNY-FM,91.3,FM,Syracuse
WRVD,https://en.wikipedia.org/wiki/WRVD,90.3,FM,Syracuse
WANC,https://en.wikipedia.org/wiki/WANC,103.9,FM,Ticonderoga
WXLS,https://en.wikipedia.org/wiki/North_Country_Public_Radio,88.3,FM,Tupper Lake
WRVN,https://en.wikipedia.org/wiki/WRVN,91.9,FM,Utica
WUNY,https://en.wikipedia.org/wiki/WUNY,89.5,FM,Utica
WJNY,https://en.wikipedia.org/wiki/WJNY,90.9,FM,Watertown
WRVJ,https://en.wikipedia.org/wiki/WRVJ,91.7,FM,Watertown
WSLJ,https://en.wikipedia.org/wiki/WSLJ,88.9,FM,Watertown
WCQS,https://en.wikipedia.org/wiki/WCQS,88.1,FM,Asheville
WBJD,https://en.wikipedia.org/wiki/WBJD,91.5,FM,Atlantic Beach
WZPE,https://en.wikipedia.org/wiki/WZPE,90.1,FM,Bath
WBUX,https://en.wikipedia.org/wiki/WBUX,90.5,FM,Buxton
WUNC,https://en.wikipedia.org/wiki/WUNC_(FM),91.5,FM,Chapel Hill
WFAE,https://en.wikipedia.org/wiki/WFAE,90.7,FM,Charlotte
WSGE,https://en.wikipedia.org/wiki/WSGE,91.7,FM,Dallas
WDAV,https://en.wikipedia.org/wiki/WDAV,89.9,FM,Davidson
WNCU,https://en.wikipedia.org/wiki/WNCU,90.7,FM,Durham
WRVS-FM,https://en.wikipedia.org/wiki/WRVS-FM,89.9,FM,Elizabeth City
WFSS,https://en.wikipedia.org/wiki/WFSS,91.9,FM,Fayetteville
WFQS,https://en.wikipedia.org/wiki/WFQS,91.3,FM,Franklin
WFHE,https://en.wikipedia.org/wiki/WFHE,90.3,FM,Hickory
WKNS,https://en.wikipedia.org/wiki/WKNS,90.3,FM,Kinston
WUND-FM,https://en.wikipedia.org/wiki/WUND-FM,88.9,FM,Manteo
WURI,https://en.wikipedia.org/wiki/WURI,91.5,FM,Manteo
WYQS,https://en.wikipedia.org/wiki/WYQS,90.5,FM,Mars Hill
WMQS,https://en.wikipedia.org/wiki/WMQS,88.5,FM,Murphy
WTEB,https://en.wikipedia.org/wiki/WTEB,89.3,FM,New Bern
WZNB,https://en.wikipedia.org/wiki/WZNB,88.5,FM,New Bern
WCPE,https://en.wikipedia.org/wiki/WCPE,89.7,FM,Raleigh
WRQM,https://en.wikipedia.org/wiki/WRQM,90.9,FM,Rocky Mount
WNCW,https://en.wikipedia.org/wiki/WNCW,88.7,FM,Spindale
WSIF,https://en.wikipedia.org/wiki/WSIF,90.9,FM,Wilkesboro
WHQR,https://en.wikipedia.org/wiki/WHQR,91.3,FM,Wilmington
WFDD,https://en.wikipedia.org/wiki/WFDD,88.5,FM,Winston-Salem
WSNC,https://en.wikipedia.org/wiki/WSNC,90.5,FM,Winston-Salem
KEYA,https://en.wikipedia.org/wiki/KEYA,88.5,FM,Belcourt
KCND,https://en.wikipedia.org/wiki/KCND,90.5,FM,Bismarck
KPPD,https://en.wikipedia.org/wiki/KPPD,91.7,FM,Devils Lake
KDPR,https://en.wikipedia.org/wiki/KDPR,89.9,FM,Dickinson
KDSU,https://en.wikipedia.org/wiki/KDSU,91.9,FM,Fargo
KUND-FM,https://en.wikipedia.org/wiki/KUND-FM,89.3,FM,Grand Forks
KFJM,https://en.wikipedia.org/wiki/KFJM,90.7,FM,Grand Forks
KPRJ,https://en.wikipedia.org/wiki/KPRJ,91.5,FM,Jamestown
KMPR,https://en.wikipedia.org/wiki/KMPR,88.9,FM,Minot
KPPR,https://en.wikipedia.org/wiki/KPPR,89.5,FM,Williston
KPPW,https://en.wikipedia.org/wiki/KPPW,88.7,FM,Williston
WOUB,https://en.wikipedia.org/wiki/WOUB_(AM),1340,AM,Athens
WOUB-FM,https://en.wikipedia.org/wiki/WOUB-FM,91.3,FM,Athens
WGBE,https://en.wikipedia.org/wiki/WGBE,90.9,FM,Bryan
WOUC-FM,https://en.wikipedia.org/wiki/WOUC-FM,89.1,FM,Cambridge
WOUH-FM,https://en.wikipedia.org/wiki/WOUH-FM,91.9,FM,Chillicothe
WGUC,https://en.wikipedia.org/wiki/WGUC,90.9,FM,Cincinnati
WVXU,https://en.wikipedia.org/wiki/WVXU,91.7,FM,Cincinnati
WCLV,https://en.wikipedia.org/wiki/WCLV,90.3,FM,Cleveland
WCBE,https://en.wikipedia.org/wiki/WCBE,90.5,FM,Columbus
WOSU-FM,https://en.wikipedia.org/wiki/WOSU-FM,89.7,FM,Columbus
WOSE,https://en.wikipedia.org/wiki/WOSE,91.1,FM,Coshocton
WDPR,https://en.wikipedia.org/wiki/WDPR,88.1,FM,Dayton
WGDE,https://en.wikipedia.org/wiki/WGDE,91.9,FM,Defiance
WOSA,https://en.wikipedia.org/wiki/WOSA,101.1,FM,Grove City
WOUL-FM,https://en.wikipedia.org/wiki/WOUL-FM,89.1,FM,Ironton
WKSU,https://en.wikipedia.org/wiki/WKSU,89.7,FM,Kent–Cleveland
WGLE,https://en.wikipedia.org/wiki/WGLE,90.7,FM,Lima
WCPN,https://en.wikipedia.org/wiki/WCPN,104.9,FM,Lorain
WOSV,https://en.wikipedia.org/wiki/WOSV,91.7,FM,Mansfield
WOSB,https://en.wikipedia.org/wiki/WOSB_(FM),91.1,FM,Marion
WNRK,https://en.wikipedia.org/wiki/WNRK,90.7,FM,Norwalk
WKRJ,https://en.wikipedia.org/wiki/WKRJ,91.5,FM,New Philadelphia
WMUB,https://en.wikipedia.org/wiki/WMUB_(FM),88.5,FM,Oxford
WOSP,https://en.wikipedia.org/wiki/WOSP_(FM),91.5,FM,Portsmouth
WKSV,https://en.wikipedia.org/wiki/WKSV,89.1,FM,Thompson
WGTE-FM,https://en.wikipedia.org/wiki/WGTE-FM,91.3,FM,Toledo
WCSU-FM,https://en.wikipedia.org/wiki/WCSU-FM,88.9,FM,Wilberforce
WKRW,https://en.wikipedia.org/wiki/WKRW,89.3,FM,Wooster
WYSO,https://en.wikipedia.org/wiki/WYSO,91.3,FM,Yellow Springs
WYSU,https://en.wikipedia.org/wiki/WYSU,88.5,FM,Youngstown
WOUZ-FM,https://en.wikipedia.org/wiki/WOUZ-FM,90.1,FM,Zanesville
KOUA,https://en.wikipedia.org/wiki/KOUA,91.9,FM,Ada
KOCU,https://en.wikipedia.org/wiki/KOCU,90.1,FM,Altus
KLCU,https://en.wikipedia.org/wiki/KLCU,90.3,FM,Ardmore
KQOU,https://en.wikipedia.org/wiki/KQOU,89.1,FM,Clinton
KGUY,https://en.wikipedia.org/wiki/KGUY,91.3,FM,Guymon
KOSN,https://en.wikipedia.org/wiki/KOSN,107.5,FM,Ketchum
KCCU,https://en.wikipedia.org/wiki/KCCU,89.3,FM,Lawton
KGOU,https://en.wikipedia.org/wiki/KGOU,106.3,FM,Norman
KROU,https://en.wikipedia.org/wiki/KROU,105.7,FM,Oklahoma City
KOSR,https://en.wikipedia.org/wiki/KOSR_(FM),88.3,FM,Stillwater
KOSU,https://en.wikipedia.org/wiki/KOSU,91.7,FM,Stillwater
KWGS,https://en.wikipedia.org/wiki/KWGS,89.5,FM,Tulsa
KWTU,https://en.wikipedia.org/wiki/KWTU,88.7,FM,Tulsa
KWOU,https://en.wikipedia.org/wiki/KWOU,88.1,FM,Woodward
KSMF,https://en.wikipedia.org/wiki/KSMF,89.1,FM,Ashland
KSOR,https://en.wikipedia.org/wiki/KSOR,90.1,FM,Ashland
KSRG,https://en.wikipedia.org/wiki/KSRG,88.3,FM,Ashland
KMUN,https://en.wikipedia.org/wiki/KMUN,91.9,FM,Astoria
KOAC-FM,https://en.wikipedia.org/wiki/KOAC-FM,89.7,FM,Astoria
KOBK,https://en.wikipedia.org/wiki/KOBK,88.9,FM,Baker City
KLBR,https://en.wikipedia.org/wiki/KLBR,88.1,FM,Bend
KOAB-FM,https://en.wikipedia.org/wiki/KOAB-FM,91.3,FM,Bend
KOBN,https://en.wikipedia.org/wiki/KOBN,90.1,FM,Burns
KSBA,https://en.wikipedia.org/wiki/KSBA,88.5,FM,Coos Bay
KZBY,https://en.wikipedia.org/wiki/KZBY,90.5,FM,Coos Bay
KOAC,https://en.wikipedia.org/wiki/KOAC_(AM),550,AM,Corvallis
KETP,https://en.wikipedia.org/wiki/KETP,88.7,FM,Enterprise
KLCC,https://en.wikipedia.org/wiki/KLCC_(FM),89.7,FM,Eugene
KOPB,https://en.wikipedia.org/wiki/KOPB_(AM),1600,AM,Eugene
KRVM,https://en.wikipedia.org/wiki/KRVM_(AM),1280,AM,Eugene
KLFO,https://en.wikipedia.org/wiki/KLFO,88.1,FM,Florence
KOGL,https://en.wikipedia.org/wiki/KOGL_(FM),89.3,FM,Gleneden Beach
KAGI,https://en.wikipedia.org/wiki/KAGI,930,AM,Grants Pass
KMHD,https://en.wikipedia.org/wiki/KMHD,89.1,FM,Gresham
KHRV,https://en.wikipedia.org/wiki/KHRV,90.1,FM,Hood River
KOJD,https://en.wikipedia.org/wiki/KOJD,89.7,FM,John Day
KLMF,https://en.wikipedia.org/wiki/KLMF,88.5,FM,Klamath Falls
KSKF,https://en.wikipedia.org/wiki/KSKF_(FM),90.9,FM,Klamath Falls
KTVR-FM,https://en.wikipedia.org/wiki/KTVR-FM,90.3,FM,La Grande
KOAP,https://en.wikipedia.org/wiki/KOAP,88.7,FM,Lakeview
KOOZ,https://en.wikipedia.org/wiki/KOOZ,94.1,FM,Myrtle Point
KLCO,https://en.wikipedia.org/wiki/KLCO,90.5,FM,Newport
KRBM,https://en.wikipedia.org/wiki/KRBM_(FM),90.9,FM,Pendleton
KOPB-FM,https://en.wikipedia.org/wiki/KOPB-FM,91.5,FM,Portland
KLFR,https://en.wikipedia.org/wiki/KLFR,89.1,FM,Reedsport
KSRS,https://en.wikipedia.org/wiki/KSRS,91.5,FM,Roseburg
KTBR,https://en.wikipedia.org/wiki/KTBR,950,AM,Roseburg
KMPQ,https://en.wikipedia.org/wiki/KMPQ,88.1,FM,Roseburg
KSJK,https://en.wikipedia.org/wiki/KSJK,1230,AM,Talent
KOTD,https://en.wikipedia.org/wiki/KOTD,89.7,FM,The Dalles
KTCB,https://en.wikipedia.org/wiki/KTCB,89.5,FM,Tillamook
KTMK,https://en.wikipedia.org/wiki/KTMK,91.1,FM,Tillamook
KWSO,https://en.wikipedia.org/wiki/KWSO,91.9,FM,Warm Springs
KCPB-FM,https://en.wikipedia.org/wiki/KCPB-FM,90.9,FM,Warrenton
WDIY,https://en.wikipedia.org/wiki/WDIY,88.1,FM,Allentown
WLVR-FM,https://en.wikipedia.org/wiki/WLVR-FM,91.3,FM,Bethlehem
WYPM,https://en.wikipedia.org/wiki/WYPM,93.3,FM,Chambersburg
WRTJ,https://en.wikipedia.org/wiki/WRTJ,89.3,FM,Coatesville
WRTL,https://en.wikipedia.org/wiki/WRTL,90.7,FM,Ephrata
WQLN-FM,https://en.wikipedia.org/wiki/WQLN-FM,91.3,FM,Erie
WITF-FM,https://en.wikipedia.org/wiki/WITF-FM,89.5,FM,Harrisburg
WRTY,https://en.wikipedia.org/wiki/WRTY,91.1,FM,Jackson Township
WQEJ,https://en.wikipedia.org/wiki/WQEJ,89.7,FM,Johnstown
WPSX,https://en.wikipedia.org/wiki/WPSX_(FM),90.1,FM,Kane
WVBU-FM,https://en.wikipedia.org/wiki/WVBU-FM,90.5,FM,Lewisburg
WTIO,https://en.wikipedia.org/wiki/WTIO,88.3,FM,Mainesburg
WXPH,https://en.wikipedia.org/wiki/WXPH,88.7,FM,Middletown
WPAU,https://en.wikipedia.org/wiki/WPAU,91.5,FM,Palmyra Township
WWPJ,https://en.wikipedia.org/wiki/WWPJ,89.5,FM,Pen Argyl
WHYY-FM,https://en.wikipedia.org/wiki/WHYY-FM,90.9,FM,Philadelphia
WRTI,https://en.wikipedia.org/wiki/WRTI,90.1,FM,Philadelphia
WXPN,https://en.wikipedia.org/wiki/WXPN,88.5,FM,Philadelphia
WESA,https://en.wikipedia.org/wiki/WESA_(FM),90.5,FM,Pittsburgh
WQED-FM,https://en.wikipedia.org/wiki/WQED-FM,89.3,FM,Pittsburgh
WYEP-FM,https://en.wikipedia.org/wiki/WYEP-FM,91.3,FM,Pittsburgh
WVIA-FM,https://en.wikipedia.org/wiki/WVIA-FM,89.9,FM,Scranton
WPSU,https://en.wikipedia.org/wiki/WPSU_(FM),91.5,FM,State College
WJAZ,https://en.wikipedia.org/wiki/WJAZ,91.7,FM,Summerdale
WVYA,https://en.wikipedia.org/wiki/WVYA,89.7,FM,Williamsport
WRTU,https://en.wikipedia.org/wiki/WRTU,89.7,FM,Río Piedras
WPVD,https://en.wikipedia.org/wiki/WPVD,1290,AM,Providence
WNPN,https://en.wikipedia.org/wiki/WNPN,89.3,FM,Newport
WCVY,https://en.wikipedia.org/wiki/WCVY,91.5,FM,Coventry
WNPE,https://en.wikipedia.org/wiki/WNPE,102.7,FM,Narragansett
WLJK,https://en.wikipedia.org/wiki/WLJK,89.1,FM,Aiken
WJWJ-FM,https://en.wikipedia.org/wiki/WJWJ-FM,89.9,FM,Beaufort
WSCI,https://en.wikipedia.org/wiki/WSCI,89.3,FM,Charleston
WLTR,https://en.wikipedia.org/wiki/WLTR,91.3,FM,Columbia
WHMC-FM,https://en.wikipedia.org/wiki/WHMC-FM,90.1,FM,Conway
WEPR,https://en.wikipedia.org/wiki/WEPR,90.1,FM,Greenville
WSSB-FM,https://en.wikipedia.org/wiki/WSSB-FM,90.3,FM,Orangeburg
WNSC-FM,https://en.wikipedia.org/wiki/WNSC-FM,88.9,FM,Rock Hill
WRJA-FM,https://en.wikipedia.org/wiki/WRJA-FM,88.1,FM,Sumter
KESD,https://en.wikipedia.org/wiki/KESD_(FM),88.3,FM,Brookings
KPSD-FM,https://en.wikipedia.org/wiki/KPSD-FM,97.1,FM,Faith
KQSD-FM,https://en.wikipedia.org/wiki/KQSD-FM,91.9,FM,Lowry
KZSD-FM,https://en.wikipedia.org/wiki/KZSD-FM,102.5,FM,Martin
KDSD-FM,https://en.wikipedia.org/wiki/KDSD-FM,90.9,FM,Pierpont
KBHE-FM,https://en.wikipedia.org/wiki/KBHE-FM,89.3,FM,Rapid City
KTSD-FM,https://en.wikipedia.org/wiki/KTSD-FM,91.1,FM,Reliance
KAUR,https://en.wikipedia.org/wiki/KAUR,89.1,FM,Sioux Falls
KCSD,https://en.wikipedia.org/wiki/KCSD_(FM),90.9,FM,Sioux Falls
KRSD,https://en.wikipedia.org/wiki/KRSD,88.1,FM,Sioux Falls
KYSD,https://en.wikipedia.org/wiki/KYSD,91.9,FM,Spearfish
KUSD,https://en.wikipedia.org/wiki/KUSD_(FM),89.7,FM,Vermillion
KJSD,https://en.wikipedia.org/wiki/KJSD,90.3,FM,Watertown
WUTC,https://en.wikipedia.org/wiki/WUTC,88.1,FM,Chattanooga
WSMC-FM,https://en.wikipedia.org/wiki/WSMC-FM,90.5,FM,Collegedale
WHRS,https://en.wikipedia.org/wiki/WHRS,91.7,FM,Cookeville
WKNP,https://en.wikipedia.org/wiki/WKNP,90.1,FM,Jackson
WETS-FM,https://en.wikipedia.org/wiki/WETS-FM,89.5,FM,Johnson City
WUOT,https://en.wikipedia.org/wiki/WUOT,91.9,FM,Knoxville
WKNO-FM,https://en.wikipedia.org/wiki/WKNO-FM,91.1,FM,Memphis
WMOT,https://en.wikipedia.org/wiki/WMOT,89.5,FM,Murfreesboro
WPLN-FM,https://en.wikipedia.org/wiki/WPLN-FM,90.3,FM,Nashville
WNXP,https://en.wikipedia.org/wiki/WNXP,91.1,FM,Nashville
WTML,https://en.wikipedia.org/wiki/WTML,91.5,FM,Tullahoma
KACU,https://en.wikipedia.org/wiki/KACU,89.5,FM,Abilene
KRTP,https://en.wikipedia.org/wiki/KRTP,91.7,FM,Alpine
KACV-FM,https://en.wikipedia.org/wiki/KACV-FM,89.9,FM,Amarillo
KJJP,https://en.wikipedia.org/wiki/KJJP,105.7,FM,Amarillo
KMFA,https://en.wikipedia.org/wiki/KMFA,89.5,FM,Austin
KUT,https://en.wikipedia.org/wiki/KUT,90.5,FM,Austin
KVLU,https://en.wikipedia.org/wiki/KVLU,91.3,FM,Beaumont
KTXP,https://en.wikipedia.org/wiki/KTXP,91.5,FM,Bushland
KAMU-FM,https://en.wikipedia.org/wiki/KAMU-FM,90.9,FM,College Station
KEOS,https://en.wikipedia.org/wiki/KEOS,89.1,FM,College Station
KETR,https://en.wikipedia.org/wiki/KETR,88.9,FM,Commerce
KEDT-FM,https://en.wikipedia.org/wiki/KEDT-FM,90.3,FM,Corpus Christi
KVUT,https://en.wikipedia.org/wiki/KVUT,99.7,FM,Cuney
KTDH,https://en.wikipedia.org/wiki/KTDH,89.3,FM,Dalhart
KERA,https://en.wikipedia.org/wiki/KERA_(FM),90.1,FM,Dallas
KKXT,https://en.wikipedia.org/wiki/KKXT,91.7,FM,Dallas
KTPD,https://en.wikipedia.org/wiki/KTPD,89.3,FM,Del Rio
KTEP,https://en.wikipedia.org/wiki/KTEP,88.5,FM,El Paso
KCTI,https://en.wikipedia.org/wiki/KCTI,1450,AM,Gonzales
KUHF,https://en.wikipedia.org/wiki/KUHF,88.7,FM,Houston
KTXI,https://en.wikipedia.org/wiki/KTXI,90.1,FM,Ingram
KUTX,https://en.wikipedia.org/wiki/KUTX,98.9,FM,Leander
KVHL,https://en.wikipedia.org/wiki/KVHL,91.7,FM,Llano
KTTZ-FM,https://en.wikipedia.org/wiki/KTTZ-FM,89.1,FM,Lubbock
KLDN,https://en.wikipedia.org/wiki/KLDN,88.9,FM,Lufkin
KDKY,https://en.wikipedia.org/wiki/KDKY,91.5,FM,Marathon
KRTS,https://en.wikipedia.org/wiki/KRTS,93.5,FM,Marfa
KXWT,https://en.wikipedia.org/wiki/KXWT,91.3,FM,Odessa
KTYK,https://en.wikipedia.org/wiki/KTYK,100.7,FM,Overton
KPVU,https://en.wikipedia.org/wiki/KPVU,91.3,FM,Prairie View
KOJP,https://en.wikipedia.org/wiki/KOJP,95.3,FM,Presidio
KNCH,https://en.wikipedia.org/wiki/KNCH,90.1,FM,San Angelo
KSTX,https://en.wikipedia.org/wiki/KSTX,89.1,FM,San Antonio
KPAC,https://en.wikipedia.org/wiki/KPAC_(FM),88.3,FM,San Antonio
KXBT,https://en.wikipedia.org/wiki/KXBT_(FM),88.1,FM,Somerville
KTOT,https://en.wikipedia.org/wiki/KTOT,89.5,FM,Spearman
KTPR,https://en.wikipedia.org/wiki/KTPR_(FM),89.9,FM,Stanton
KTRL,https://en.wikipedia.org/wiki/KTRL_(FM),90.5,FM,Stephenville
KTXK,https://en.wikipedia.org/wiki/KTXK,91.5,FM,Texarkana
KVRT,https://en.wikipedia.org/wiki/KVRT,90.7,FM,Victoria
KWBU-FM,https://en.wikipedia.org/wiki/KWBU-FM,103.3,FM,Waco
KMCU,https://en.wikipedia.org/wiki/KMCU,88.7,FM,Wichita Falls
KUQU,https://en.wikipedia.org/wiki/KUQU,93.9,FM,Enoch
KUEU,https://en.wikipedia.org/wiki/KUEU,90.5,FM,Logan
KUSR,https://en.wikipedia.org/wiki/KUSR,89.5,FM,Logan
KUSU-FM,https://en.wikipedia.org/wiki/KUSU-FM,91.5,FM,Logan
KUST,https://en.wikipedia.org/wiki/KUST_(FM),88.7,FM,Moab
KUXU,https://en.wikipedia.org/wiki/KUXU,88.3,FM,Monroe
KUHU,https://en.wikipedia.org/wiki/KUHU,88.1,FM,Monticello
KPCW,https://en.wikipedia.org/wiki/KPCW,91.7,FM,Park City
KCEU,https://en.wikipedia.org/wiki/KCEU,89.7,FM,Price
KUSL,https://en.wikipedia.org/wiki/KUSL,89.3,FM,Richfield
KUOU,https://en.wikipedia.org/wiki/KUOU,89.3,FM,Roosevelt
KRCL,https://en.wikipedia.org/wiki/KRCL,90.9,FM,Salt Lake City
KUER-FM,https://en.wikipedia.org/wiki/KUER-FM,90.1,FM,Salt Lake City
KUSK,https://en.wikipedia.org/wiki/KUSK,88.5,FM,Vernal
WTJX-FM,https://en.wikipedia.org/wiki/WTJX-FM,93.1,FM,Charlotte Amalie
WBTN-FM,https://en.wikipedia.org/wiki/WBTN-FM,94.3,FM,Bennington
WVBA,https://en.wikipedia.org/wiki/WVBA,88.9,FM,Brattleboro
WVTI,https://en.wikipedia.org/wiki/WVTI,106.9,FM,Brighton
WXLQ,https://en.wikipedia.org/wiki/North_Country_Public_Radio,90.5,FM,Bristol
WVPS,https://en.wikipedia.org/wiki/WVPS,107.9,FM,Burlington
WVTX,https://en.wikipedia.org/wiki/WVTX_(FM),88.7,FM,Colchester
WVNK,https://en.wikipedia.org/wiki/WVNK,91.1,FM,Manchester
WOXM,https://en.wikipedia.org/wiki/WOXM_(FM),90.1,FM,Middlebury
WNCH,https://en.wikipedia.org/wiki/WNCH,88.1,FM,Norwich
WVXR,https://en.wikipedia.org/wiki/WVXR,102.1,FM,Randolph
WRVT,https://en.wikipedia.org/wiki/WRVT,88.7,FM,Rutland
WVPA,https://en.wikipedia.org/wiki/WVPA,88.5,FM,St. Johnsbury
WVTQ,https://en.wikipedia.org/wiki/WVTQ,95.1,FM,Sunderland
WVPR,https://en.wikipedia.org/wiki/WVPR,89.5,FM,Windsor
WHRF,https://en.wikipedia.org/wiki/WHRF,98.3,FM,Belle Haven
WNRN-FM,https://en.wikipedia.org/wiki/WNRN-FM,91.9,FM,Charlottesville
WVTU,https://en.wikipedia.org/wiki/WVTU,89.3,FM,Charlottesville
WVTW,https://en.wikipedia.org/wiki/WVTW,88.5,FM,Charlottesville
WRIQ,https://en.wikipedia.org/wiki/WRIQ,89.7,FM,Charles City
WMVE,https://en.wikipedia.org/wiki/WMVE,90.1,FM,Chase City
WWVT,https://en.wikipedia.org/wiki/WWVT,1260,AM,Christiansburg
WMRY,https://en.wikipedia.org/wiki/WMRY,103.5,FM,Crozet
WHRE,https://en.wikipedia.org/wiki/WHRE,91.9,FM,Eastville
WEHC,https://en.wikipedia.org/wiki/WEHC,90.7,FM,Emory
WHRL,https://en.wikipedia.org/wiki/WHRL,88.1,FM,Emporia
WWLB,https://en.wikipedia.org/wiki/WWLB,93.1,FM,Ettrick
WMLU,https://en.wikipedia.org/wiki/WMLU,91.3,FM,Farmville
WWVT-FM,https://en.wikipedia.org/wiki/WWVT-FM,89.9,FM,Ferrum
WHRJ,https://en.wikipedia.org/wiki/WHRJ,89.9,FM,Gloucester Courthouse
WHRG,https://en.wikipedia.org/wiki/WHRG,88.5,FM,Gloucester Point
WEMC,https://en.wikipedia.org/wiki/WEMC,91.7,FM,Harrisonburg
WMRA,https://en.wikipedia.org/wiki/WMRA,90.7,FM,Harrisonburg
WCNV,https://en.wikipedia.org/wiki/WCNV,89.1,FM,Heathsville
WCHG,https://en.wikipedia.org/wiki/WCHG,107.1,FM,Hot Springs
WIQR,https://en.wikipedia.org/wiki/WIQR,88.7,FM,Lexington
WLUR,https://en.wikipedia.org/wiki/WLUR,91.5,FM,Lexington
WMRL,https://en.wikipedia.org/wiki/WMRL_(FM),89.9,FM,Lexington
WVTR,https://en.wikipedia.org/wiki/WVTR_(FM),91.9,FM,Marion
WVLS,https://en.wikipedia.org/wiki/WVLS,89.7,FM,Monterey
WHRX,https://en.wikipedia.org/wiki/WHRX,90.1,FM,Nassawadox
WHRO-FM,https://en.wikipedia.org/wiki/WHRO-FM,90.3,FM,Norfolk
WHRV,https://en.wikipedia.org/wiki/WHRV,89.5,FM,Norfolk
WBBT-FM,https://en.wikipedia.org/wiki/WBBT-FM,107.3,FM,Powhatan
WVRU-FM,https://en.wikipedia.org/wiki/WVRU-FM,89.9,FM,Radford
WCVE-FM,https://en.wikipedia.org/wiki/WCVE-FM,88.9,FM,Richmond
WVTF,https://en.wikipedia.org/wiki/WVTF,89.1,FM,Roanoke
WQIQ,https://en.wikipedia.org/wiki/WQIQ,88.3,FM,Spotsylvania
WISE-FM,https://en.wikipedia.org/wiki/WISE-FM,90.5,FM,Wise
KPBW,https://en.wikipedia.org/wiki/KPBW,91.9,FM,Brewster
KQOW,https://en.wikipedia.org/wiki/KQOW,90.3,FM,Bellingham
KZAZ,https://en.wikipedia.org/wiki/KZAZ_(FM),91.7,FM,Bellingham
KSWS,https://en.wikipedia.org/wiki/KSWS,88.9,FM,Chehalis
KNWV,https://en.wikipedia.org/wiki/KNWV,90.5,FM,Clarkston
KNWR,https://en.wikipedia.org/wiki/KNWR_(FM),90.7,FM,Ellensburg
KNWU,https://en.wikipedia.org/wiki/KNWU_(FM),91.5,FM,Forks
KHNW,https://en.wikipedia.org/wiki/KHNW,88.3,FM,Manson
KLWS,https://en.wikipedia.org/wiki/KLWS,91.5,FM,Moses Lake
KMWS,https://en.wikipedia.org/wiki/KMWS,90.1,FM,Mount Vernon
KPLI,https://en.wikipedia.org/wiki/KPLI,90.1,FM,Olympia
KOMQ,https://en.wikipedia.org/wiki/KOMQ,88.5,FM,Omak
KQWS,https://en.wikipedia.org/wiki/KQWS,90.1,FM,Omak
KPBG,https://en.wikipedia.org/wiki/KPBG_(FM),90.9,FM,Oroville
KNWP,https://en.wikipedia.org/wiki/KNWP,90.1,FM,Port Angeles
KVIX,https://en.wikipedia.org/wiki/KVIX,89.3,FM,Port Angeles
KJEM,https://en.wikipedia.org/wiki/KJEM,89.9,FM,Pullman
KWSU,https://en.wikipedia.org/wiki/KWSU_(AM),1250,AM,Pullman
KFAE-FM,https://en.wikipedia.org/wiki/KFAE-FM,89.1,FM,Richland
KEXP-FM,https://en.wikipedia.org/wiki/KEXP-FM,90.3,FM,Seattle
KUOW-FM,https://en.wikipedia.org/wiki/KUOW-FM,94.9,FM,Seattle
KPLK,https://en.wikipedia.org/wiki/KPLK_(FM),88.9,FM,Sedro-Woolley
KPBX-FM,https://en.wikipedia.org/wiki/KPBX-FM,91.1,FM,Spokane
KPBZ,https://en.wikipedia.org/wiki/KPBZ,90.3,FM,Spokane
KSFC,https://en.wikipedia.org/wiki/KSFC,91.9,FM,Spokane
KNKX,https://en.wikipedia.org/wiki/KNKX,88.5,FM,Tacoma
KVTI,https://en.wikipedia.org/wiki/KVTI,90.9,FM,Tacoma
KUOW,https://en.wikipedia.org/wiki/KUOW_(AM),1340,AM,Tumwater
KTWP,https://en.wikipedia.org/wiki/KTWP,91.1,FM,Twisp
KWWS,https://en.wikipedia.org/wiki/KWWS,89.7,FM,Walla Walla
KNWY,https://en.wikipedia.org/wiki/KNWY,90.3,FM,Yakima
KYVT,https://en.wikipedia.org/wiki/KYVT,88.5,FM,Yakima
WVBY,https://en.wikipedia.org/wiki/WVBY,91.7,FM,Beckley
WVBL,https://en.wikipedia.org/wiki/WVBL_(FM),88.5,FM,Bluefield
WVPW,https://en.wikipedia.org/wiki/WVPW,88.9,FM,Buckhannon
WVPB,https://en.wikipedia.org/wiki/WVPB_(FM),88.5,FM,Charleston
WVMR,https://en.wikipedia.org/wiki/WVMR_(AM),1370,AM,Frost
WVWV,https://en.wikipedia.org/wiki/WVWV,89.9,FM,Huntington
WVEP,https://en.wikipedia.org/wiki/WVEP,88.9,FM,Martinsburg
WVKM,https://en.wikipedia.org/wiki/WVKM,106.7,FM,Matewan
WVPM,https://en.wikipedia.org/wiki/WVPM,90.9,FM,Morgantown
WVPG,https://en.wikipedia.org/wiki/WVPG,90.3,FM,Parkersburg
WVDS,https://en.wikipedia.org/wiki/WVDS,89.5,FM,Petersburg
WVWS,https://en.wikipedia.org/wiki/WVWS,89.3,FM,Webster Springs
WVNP,https://en.wikipedia.org/wiki/WVNP,89.9,FM,Wheeling
WHAA,https://en.wikipedia.org/wiki/WHAA,89.1,FM,Adams
WUWS,https://en.wikipedia.org/wiki/WUWS,90.9,FM,Ashland
WLBL,https://en.wikipedia.org/wiki/WLBL_(AM),930,AM,Auburndale
WHSA,https://en.wikipedia.org/wiki/WHSA,89.9,FM,Brule
WHAD,https://en.wikipedia.org/wiki/WHAD,90.7,FM,Delafield
WUEC,https://en.wikipedia.org/wiki/WUEC,89.7,FM,Eau Claire
WHID,https://en.wikipedia.org/wiki/WHID,88.1,FM,Green Bay
WPNE,https://en.wikipedia.org/wiki/WPNE_(FM),89.3,FM,Green Bay
WOJB,https://en.wikipedia.org/wiki/WOJB,88.9,FM,Hayward
WHHI,https://en.wikipedia.org/wiki/WHHI,91.3,FM,Highland
WGTD,https://en.wikipedia.org/wiki/WGTD,91.1,FM,Kenosha
WHLA,https://en.wikipedia.org/wiki/WHLA_(FM),90.3,FM,La Crosse
WLSU,https://en.wikipedia.org/wiki/WLSU,88.9,FM,La Crosse
WERN,https://en.wikipedia.org/wiki/WERN,88.7,FM,Madison
WHA,https://en.wikipedia.org/wiki/WHA_(AM),970,AM,Madison
WHWC,https://en.wikipedia.org/wiki/WHWC_(FM),88.3,FM,Menomonie
WVSS,https://en.wikipedia.org/wiki/WVSS,90.7,FM,Menomonie
WUWM,https://en.wikipedia.org/wiki/WUWM,89.7,FM,Milwaukee
WYMS,https://en.wikipedia.org/wiki/WYMS,88.9,FM,Milwaukee
WRST-FM,https://en.wikipedia.org/wiki/WRST-FM,90.3,FM,Oshkosh
WHBM,https://en.wikipedia.org/wiki/WHBM,90.3,FM,Park Falls
WSSW,https://en.wikipedia.org/wiki/WSSW,89.1,FM,Platteville
WHSF,https://en.wikipedia.org/wiki/WHSF,89.9,FM,Rhinelander
WXPR,https://en.wikipedia.org/wiki/WXPR,91.7,FM,Rhinelander
WRFW,https://en.wikipedia.org/wiki/WRFW,88.7,FM,River Falls
WSHS,https://en.wikipedia.org/wiki/WSHS_(FM),91.7,FM,Sheboygan
WHDI,https://en.wikipedia.org/wiki/WHDI_(FM),91.1,FM,Sister Bay
WHND,https://en.wikipedia.org/wiki/WHND,89.7,FM,Sister Bay
KUWS,https://en.wikipedia.org/wiki/KUWS,91.3,FM,Superior
WSSU,https://en.wikipedia.org/wiki/WSSU_(FM),88.5,FM,Superior
WHWA,https://en.wikipedia.org/wiki/WHWA,104.7,FM,Washburn
WHRM,https://en.wikipedia.org/wiki/WHRM_(FM),90.9,FM,Wausau
WLBL-FM,https://en.wikipedia.org/wiki/WLBL-FM,91.9,FM,Wausau
WXPW,https://en.wikipedia.org/wiki/WXPW,91.9,FM,Wausau
KUWA,https://en.wikipedia.org/wiki/KUWA,91.3,FM,Afton
KBUW,https://en.wikipedia.org/wiki/KBUW,90.5,FM,Buffalo
KUWC,https://en.wikipedia.org/wiki/KUWC,91.3,FM,Casper
KDUW,https://en.wikipedia.org/wiki/KDUW,91.7,FM,Douglas
KUWE,https://en.wikipedia.org/wiki/KUWE,89.7,FM,Evanston
KUWW,https://en.wikipedia.org/wiki/KUWW,90.9,FM,Fort Washakie
KUWG,https://en.wikipedia.org/wiki/KUWG,90.9,FM,Gillette
KUWJ,https://en.wikipedia.org/wiki/KUWJ,90.3,FM,Jackson
KUWK,https://en.wikipedia.org/wiki/KUWK,88.7,FM,Kaycee
KUWL,https://en.wikipedia.org/wiki/KUWL,90.1,FM,Laramie
KUWR,https://en.wikipedia.org/wiki/KUWR,91.9,FM,Laramie
KUWY,https://en.wikipedia.org/wiki/KUWY,88.5,FM,Laramie
KUWV,https://en.wikipedia.org/wiki/KUWV,90.7,FM,Lingle
KUWN,https://en.wikipedia.org/wiki/KUWN,90.5,FM,Newcastle
KUWX,https://en.wikipedia.org/wiki/KUWX,90.9,FM,Pinedale
KUWP,https://en.wikipedia.org/wiki/KUWP,90.1,FM,Powell
KUWI,https://en.wikipedia.org/wiki/KUWI_(FM),89.9,FM,Rawlins
KZUW,https://en.wikipedia.org/wiki/KZUW,88.5,FM,Reliance
KUWZ,https://en.wikipedia.org/wiki/KUWZ,90.5,FM,Rock Springs
KAIW,https://en.wikipedia.org/wiki/KAIW,88.9,FM,Saratoga
KPRQ,https://en.wikipedia.org/wiki/KPRQ,88.1,FM,Sheridan
KSUW,https://en.wikipedia.org/wiki/KSUW,91.3,FM,Sheridan
KUWD,https://en.wikipedia.org/wiki/KUWD,91.5,FM,Sundance
KUWT,https://en.wikipedia.org/wiki/KUWT,91.3,FM,Thermopolis
KEUW,https://en.wikipedia.org/wiki/KEUW,89.9,FM,Torrington
